id,sequence,startLabel,lastLabel
0,nutzfkdurzwtdqeuszcleanwordsib,19,28
1,djdidmwlgnwbrviuztvmountedcura,20,26
2,ufsoswwazxtojmkjbxerqofficerka,22,28
3,jcfollowedobjfhwmurvpvsenqgbyx,3,10
4,dgsorderliesphbfjydontlyiiupcl,4,12
5,cizmasfgxgcoscproceedingimkgoq,15,24
6,xcjfnobjghywrbspqdbriskkparcuh,19,23
7,jxutjlktrotubhyqyoepdahfcmiuow,8,11
8,onmaegvpkdtxaswparisbvwnqkeyvi,16,20
9,xlkstctlgwxvehunvyfmbzqjfpypio,4,5
10,hdenisgqloesyycevlbrsugdzvrxtc,2,6
11,rrowjeovdcqboctoberkowilartpgd,13,19
12,bzxlrwmdioucgsnneoaultrlargeah,24,28
13,sexohelxowfpartyudmrzjfmphvcib,12,16
14,tinmxfvuyufmyjboyscejutcfiaabm,15,18
15,ipkaqevrairjgkcclrrwarmedxgqdk,21,25
16,scfsgasticksztqlnyjhpvddqkssrt,7,12
17,esntoltrgehvwsvpladvancingjllb,18,26
18,wxflksrjsrjhxbjynipprmilitaryf,22,29
19,ccsoyatnjveqcaoczwzkwayordervt,24,28
20,tcwgaiqcocxasnlktfhnklycpwallf,26,29
21,tptopjmefurcsdakxblqvingabpodx,3,5
22,xlowarwmobbktgkolwserlxpzhqyfj,2,4
23,ecydfyfyhillcueudbjfvhrkwptmdx,9,12
24,rwhlrlqqqnuqjvaskedtaajgonipzl,15,19
25,lurbalochherlggdxbnhladxymdaru,21,23
26,favpinoqbvmzqtrzappeareddbzwgn,17,24
27,qileadergewaulksjqbsozcnonlrmv,3,8
28,darekstqrwdkkwatkmkeplayinggyt,21,27
29,pmueqhxkkgutjvupnuabpowartvcfe,23,25
30,szffecsirxzegwljziwoaknfnvdqro,7,9
31,aqiszohjtzaqncadvancingwckevsv,15,23
32,evsydeiwtqgmfortressfzxjchrngt,13,20
33,wemrdhlwldxzqrbssjmelspenlajqs,26,27
34,mdlqjheprfinjkfhfnmottebwtlkhd,19,23
35,npuunufqmambqtzwsbbzregimentjg,21,28
36,kzicabzgsvhzzgoysqturennefrnkf,19,25
37,nattimeskanpsdipjmwxtqiekxfvsu,4,8
38,uxndwqpfdgiewofficervwkfajbegu,14,20
39,nwxdxthxguriwoamaskeduowkqpgmb,17,21
40,rfpdsusmilemkgpildqknxuudsaoeo,7,11
41,epntntfhjpovlixglibtmlbhectort,24,29
42,oenipiecvcqjqybqzpdrcampbellpi,21,28
43,rsirhlpmkneuxlbcjqyxisgbzhvdwc,2,4
44,bhstoaonyoiabtfrenchllkqveofdd,15,20
45,txsirxrkebukpnzgqojmzhdlprestv,3,5
46,cazdrzulqszfomomrywfawfatherab,23,28
47,tkxpiuqmkiwofficerdzzltieceoxg,12,18
48,uqammjpzhscotchrfezonwqhqywvdm,10,15
49,loorpkfnxddtiejregimentgqcnvdz,16,23
50,beidbgwasaxnpzkilledfixysgwhnu,15,20
51,ssiegefphuanaihsqwgicrzkrycdsz,2,6
52,gozazpwatnsksyabukqmelapvnqzgh,22,23
53,bygimrochellelzyifmtnrdqjwyojg,6,13
54,gsxplrxatakingifdmyuichwshrqtp,9,14
55,fmicvlycareessxjuzhnrkocatqmnt,8,11
56,ljolecwvqtonzwcappllusrbjlivew,26,29
57,voklqaiuktppiadezmangustsmkjwf,19,23
58,gvmacintoshvgidvkramupjtnkwfjl,3,11
59,cjirbrshjkdjwqamfsergeantscuxa,18,25
60,kwiiymtrdkfatherwzxocjctvehbsg,11,16
61,ecompanyquchsgykwvtlmieljtkxyp,2,8
62,fybdbquamzmfqbadlybgzamcraurdd,14,18
63,kntpieeucitnwoundedytfrlnqrufb,13,19
64,xukhebxoxgrvladcryjunuvakewzer,13,14
65,rlrochellexapvctnklmmhzwbefput,3,10
66,gabldbfeywijbxkfgmtprfitbvqskl,22,24
67,rnhiserviceuudayxpqqtidpbxtbns,5,11
68,nmvtxkszbedwuutooklbotaxxpfjsu,15,18
69,gmcabaretzqxwtqxsnklmnibdgczkm,3,9
70,ibarracksekflmpbehvpsgiqrnmify,2,9
71,vcknwhmcpfqvlpofficersofgpuyet,15,22
72,dcciwjfyaqppahfwcqcnhakindvjcq,23,26
73,aparxbegedzxpjztpywhdallowgkyo,22,26
74,hgjhzwftupsumexhgyvcdaomymofzk,11,13
75,txkfpirsmyqjnbsatfmjkxtakingmg,23,28
76,lqrclazfubajwizjncarexvjwgoizz,18,21
77,aayzidyixivlmskoskcourseuxigco,19,24
78,efjctfucjgqqaxyybarrackspxyvry,17,24
79,grlwwohavetgvyyglekskqrpjcthso,7,10
80,uzsvhlgiwlearneddaqgjfwstbyrnk,10,16
81,cqoyznqiwoclsetcmhjdrilleihjpq,20,24
82,wljhavevgpyklidjmbuwartzlfwhiv,4,7
83,pznnnxkltmfjjaryjajwzfheardpxx,23,27
84,qcafdbknnwxjbejreadlobfrccwyjx,16,19
85,rdybbattleswnzpqyhaszklahjvxmy,5,11
86,xfsiegeskmvnsgbjrchelcfgsuopba,3,8
87,rdrfaizkchosentblzzivnquyixhpm,9,14
88,djqsjsuoqaqjrhgynjcommanddpuky,19,25
89,ksqabmlpcakujndrliynxcrbaknowf,26,29
90,wqctsfrumjvwohfggbattlesezbcyj,18,24
91,niyloeljrtiimplosjjvyuturennef,23,29
92,ejiseryogmuengagedzpcwtgxvmybx,12,18
93,pmmikfuqjvlupknowentizdsbxokne,14,17
94,pthjogcvadokkzghlebdbcisirqvxh,24,26
95,hktsmjkplcomvmqvdnuhollandvxdj,20,26
96,igbxvfdojiydrrhinexpwsyhgqilnx,14,18
97,upoluahhavemiajmiubrygfrlstekx,8,11
98,mlspwqjseenyhuepjzxaqcifyjabro,8,11
99,jwxnrwuwsxdzplanstbmldcprajuew,13,17
100,ckczqpffvkcerlbycbbattlesjvbqf,19,25
101,unnwlcoursegornqauqsdbjietlcmd,6,11
102,gnqhsayywsilaakcbliarncyqiznfz,12,13
103,zhhzdosmottenwfbvhnxdzsmmgjxpj,8,12
104,emtopkiwyuzlqnszrjftvmiytvklge,3,5
105,sdppdpomlikshighylbwszgunavjhi,13,16
106,gckolejygbygklhsojrockeooyqrht,19,22
107,ouhzkpieturennebaybwthkzvaucge,9,15
108,fuwkaporderedqgnerjoymqxibuvlg,7,13
109,iailmqattacknfmrocawwhnljvkeog,7,12
110,ralqjyxaltlregimentmprbzncifdw,12,19
111,vlwjqhcxbdhpqdlaboroypgeneralx,23,29
112,xkomhcjkvzogaqaniedtbnsonhyjaq,23,25
113,llgxrogingeixtgzqrzhihadzplwqz,22,24
114,rhzbfyrpglbmvtxjvfailedvzurxfk,18,23
115,wbzdpoqwlkumkzppdlncpjzfuhadsv,26,28
116,gpassthxmncseoqiughvmpfyacklyd,2,5
117,nwiuufjzspoqgdwbpbumepheavyour,23,27
118,nqlfireddekomzxfguujqnsclvbyzv,4,7
119,zpkhdllhxijdhugesmhumtrbbxxded,13,16
120,pssqjdnmakjsirstonesjquwwuqblx,15,20
121,abqozggtxbmpemsienemyztoauezkc,17,21
122,gmtuqrufrwzhurledhoivmpgwqqdvj,12,17
123,jwpgrandelpcgyhkerlfwpmvgkvshj,4,8
124,cuyxtuzbisiegesxuhxunidjfjtkzr,10,15
125,aldjgyofwyjicemnjplbsavernewmv,21,27
126,rslzupolvlseenbavceiyffwupwsht,11,13
127,nfoughtipiznvvslsykxcwbwecnhdt,2,7
128,nkwkcjwcamslparmyvstormedglyhn,19,25
129,ksdbcvojjmopgozxlfxawzplacezwu,23,27
130,lfnfdrloswedesugueifajqexzsvwf,9,14
131,qgoodsazafuxtevqnrchfwoluplitg,2,5
132,vdnhekjaqgsoldiersnjzgsgksnvwy,11,18
133,mbtphadvxbbsonofjyhnpliihsqazu,5,7
134,sdxcvmwldaodkcdfailedevyzhhita,16,21
135,fvwaslgoingvzcmthnyxcuxflqwiwk,7,11
136,secgzieasgqgreatestfzmfyzrpcxg,12,19
137,urxxkloddyjcaptainsupjlaroqhxw,12,19
138,ngeyhvlturenneuewxwkhfncyrsmph,8,14
139,ajsivuwcqeafisnorylearnernjzgb,19,25
140,drwihkmflvlbvwrddqnozartswnuqa,22,24
141,goqlbzkkrjevaypwarueytciykijra,16,18
142,ybaakktbnqjinkirwdggravelyuvtb,20,26
143,tbdhaspxdalxcgkurlcifznkjftvmq,4,6
144,iullearntopegrvmfkuntcskqiiqzu,4,9
145,xmbjivwyzlbwuevxknnrestrgneaaf,20,23
146,ezjeeboywfasgsbcepqmwalkolercd,6,8
147,ordxnqtvrgzezcuztboldlyzclbvbx,18,23
148,drfuotisoldierspzroexjiohamcut,8,15
149,ewmidbaswrupzupzicxjloveexwzcn,21,24
150,rwqmtvpxnhvnprpawmgeneralsbpll,19,26
151,gszvfzlatdwkwyxdtakesgnbehroto,17,21
152,vytipolrholipegfankdkxcarenydx,23,26
153,rwqgsqqrseajfgnbifvmtreatelmfm,21,25
154,mxdpkzpvcuifbfogvzdirttmblvswt,19,22
155,nldnlbfeetpjlzwqoomnvsfrbgzlce,7,10
156,fwyrufcexmimeantgnsnaswujvydjf,12,16
157,hxmzbtnajfwolblgsahebobeysjjue,22,25
158,daijtuybarordersubqvoirrdbtnuc,11,16
159,lgoybghlfdypvhwutscpunxisazrqm,2,3
160,xbirnuiqjzidfgfhetxthgetslojnq,22,24
161,hoajkilledhwiurmqahrpciclvqxky,5,10
162,epoytzklrqvoymfjtoldfmmrkhbjch,17,20
163,avtxjiihavenfecvxodrufalsbdznw,8,11
164,nfzzyonheardgilrtmqccmohxuzwbd,8,12
165,eiwbicqsmmvhvpomdueapraisedjlu,21,27
166,qylsdtwzkieiyqrofficerrscmigbl,16,22
167,xnxhdmajkaquietlyloyqcnkwaqvuf,11,17
168,sluyslqoyoungmotaehgfmtkwflyca,9,13
169,znwrrwmceclqoygcqomaneuqqtivip,19,21
170,pxxzzysffcxbeolderjzadseyrkcqv,14,18
171,uadvancevwtutdxnugdixperepfzcb,2,8
172,hxzchasgjhoobsebifdlvjwxasqupg,5,7
173,xzbrozjcisihadbeenoavjlqltkpij,15,18
174,migduezacewsiqdaxnyhsmqkkzrfmu,4,6
175,rsvvbkfcymdwbflzzfortunehyqkov,18,24
176,gonjuqyizparwbrlphvmeritshtlei,20,25
177,cdondckgvxrwwvyatyfnqlooscbsag,2,4
178,yyxuppboyncybtqhmsimlrpjidwqfz,7,9
179,dxkonlfbgzsturdilyvqbijufgetnv,11,18
180,eexwyuaikxvhsdclieutenanteroid,16,25
181,ahzcgeneralkolcnzghaquejarnmwt,5,11
182,xabtwentyoleysgaduiwrfmopwurdg,4,9
183,vevvsbtbrsoldiersoqawuxtihknig,10,17
184,hvdlfnztnhaezolbpteuizyspeakeq,24,28
185,lfortunejdwfcpnriyrqlqkejtvhwz,2,8
186,llookzojkvjcfwvybrmpqhklytznca,2,5
187,frrdlmnkzcvvutcapturedphxurobi,15,22
188,oblandreciesiauwxdkxcgamtpwjje,3,12
189,kvosolrealkgkczyyojsgxetdxduiw,4,8
190,deqtdrovesfcgkrtydylewguwsxaqo,5,9
191,kqsjhxykgjbbbizaspaustrianslpg,19,27
192,ttbacknsldxcbrcdplhgqbzshvqytm,3,6
193,dluqdpdqyzcblbzmaubeurgeiiumlt,16,24
194,jypzrwndvbdehsiaidedorgpcgteub,16,20
195,xiqaarkmlfdsewyuevdukeupeafiaf,19,22
196,ueqfmhjthweimardgmeanaqyurktbc,10,15
197,ramnkditonwgzfsyhzbathrashvuob,21,26
198,wonxougaweilenweirgvxfuowzoeum,9,18
199,eikzomstormeduoqrgbhsjifyhores,7,13
200,akmainlxtkrvdnmkqwsibzfeappyyo,3,6
201,kcjbchfviontfortazhpurpofbatle,13,16
202,rxkdbijsbreisachysqfvhlobytqia,9,16
203,tvzifrdtvhwffxccudxfqhasluwzmy,22,24
204,wgpbzrzbeenjdacxwrtqhmyyxfcefk,8,11
205,irzkpypsuccessfulybwvuxhptimjs,8,17
206,vobhrjlfuenterprisestjbqhswxyk,10,20
207,bdmcszcncdapcommandqnwebtxvskj,13,19
208,wesleortiwntoxhpbzsgitalyptmfq,21,25
209,rjenhugvnjgctjiaugthingsjbylhr,19,24
210,assdhrvshfyovinntqibghavetbduw,22,25
211,duzdwibeenyxjbzarmrisvtmgpwlha,7,10
212,hktziczgoingxbwrnajhpyfelcpqjz,8,12
213,rfbadlyncmaazbyfirwmslleofwkth,3,7
214,zbwkrvguwbjemdcardinalstajthfu,15,22
215,ugjxrynhaveowhfsjxnkemxvvtndlb,8,11
216,fodocchosenyjckuejvatglknhdbzw,6,11
217,jxusjekevqawrvkqqyjowvwhadgxxu,24,26
218,slzrdtclndvtaeqlconsideredvhka,17,26
219,ugnnpairskgjantheaxosptvdyluwo,14,17
220,lwwiacofficerxuvjwgudhntwfkyhx,7,13
221,wsruprbrysiifyolaughediorukqwo,16,22
222,emotpltapquesymyoungbdgkuhswwv,16,20
223,udrbzwqviazgucmfglkasnebsirbiq,25,27
224,zklseevlttyipobxksimafcxkhebav,4,6
225,qbtzlsuqacquaintedpwealmxtvfor,9,18
226,xajiqpimsiegesvanlvdgxuhltbgyn,9,14
227,anbkbyfvdibattlessiorpbewzwuiu,11,17
228,nbigelriwbfmqqtrehalsmtimejgtw,23,26
229,zabjaxyavkszcxxqpzzoargueacsnr,21,25
230,tfzbqubpcilpoeilppnsirykayzxra,20,22
231,hduroboytwisrcrgeikpfnxofueadv,6,8
232,msgqroutrupkfeconfusioncidrtnp,15,23
233,ocduysoldierspczrcmijjkuwdymnn,6,13
234,gnvrurjrpwfoqnaturalkrqfosjjmg,14,20
235,savluuoeeqtyooevltmdzsnboytvxa,24,26
236,umaketumjsnetliqmwoxvvyafrseki,2,5
237,xnqsbtnenrsfoxjvpqzherohqliuzq,20,23
238,mvowvxjawarsbygtzvycwezxhssoko,9,12
239,qvylobicxdjlzxatfpmihtziyearjm,25,28
240,eyoungerdopgdkoavtuhlrexeckqfx,2,8
241,vlblowxqhpfourteeniyqrqkasfoyw,11,18
242,vlmrjefkiyeccarriedfvdobvqrcdx,13,19
243,cjnxmutcjivaxymusketkuttcvwueh,15,20
244,jcybwjxhyhpwqrkplvolunteerrowv,18,26
245,hmbertkumauricewkrkqqpdsyjwoel,9,15
246,fqemkhjcfwjvuevunassaukwnmjbhp,17,22
247,gifrufmcayqtnxuawxhwuyearsxrzm,22,26
248,putibattlesohlmuurlczhsgatzwip,5,11
249,udbyueebpznwohollanddcuykrlhoh,14,20
250,wnrkutqflimjvraisedkceodegjoyl,14,19
251,flklhpuvakyjzlbatteryrefopcsam,15,21
252,tvxxyopenedutxdsljowryxubgdscf,6,11
253,tgvhqeazboisgxmhbynfqzatifwsuv,9,12
254,mzvldpzpjlhfrujuzlesufdlafweqs,18,19
255,hssarlskkfvkhtintducusznaxeorl,18,20
256,trpmzuudqqehoreceivepniuavvqer,14,20
257,remogijwkvwznfpensionotrilfebv,15,21
258,mxmgtsonzpqezbpyixvabcdnxhienl,6,8
259,pfchovoyfupuofficerxixvnykqobj,13,19
260,logikilledqjtncvvgyhaupflbojrs,5,10
261,batgrmsgtiacejupfbattlejdxvbju,18,23
262,vsirrzvfmdjegcisolyqpknmbparql,2,4
263,jtjwjcspfddfrlivingvndsdvrmwxu,14,19
264,yyvqmuhlgbsoldiersqsmdlgjixirn,11,18
265,veihavexpwrqlnuoejjimhbfyxfdyz,4,7
266,rzvgoeszwopdnzuohstftmmbjynwhd,4,5
267,srreqfmxmonthsgdrbqafvpngzxasb,9,14
268,jaovnxbfpayzqyprcomcxjlhjawmzf,9,11
269,npsonscekqaamoxugcyfhwlnbeztmo,3,6
270,klsgbfrrhkwldeadqscegorsckofid,13,16
271,svpogdolplpnlrtcqsiexpectmbxct,20,25
272,imwkhurqwtcathoughtzoagsoybsfu,13,19
273,olguapjlrjdonmjveqhryiwckqpdsn,11,13
274,cyrepsdchxbjympjqucareleuwnwut,19,22
275,liuoknizmwynyearskyqpqmzallvfe,13,17
276,qtubvbvmvpoyfbgputgsbhgenlisth,24,29
277,ntmwqpaaigowiqoibrkaxafmszhdwu,10,11
278,luefcngjhfrontieruyzdrcxwlgdsz,10,17
279,wfreoqyzwpjuvwxxqhokyfopjoings,25,28
280,leojfvfckdthllcywhepburnvjbpqp,18,24
281,eqwlhiescottishiadkwihghkamtzp,8,15
282,ercwbuhyszdnuxhbrigademqpyfwhn,16,22
283,xfrenchxqnfugosmtrbcyxzmvnipbr,2,7
284,lpltlserviceajbxnycextfowlegzp,6,12
285,fpbqfinesjapszwwcqanxxhtolvmrd,5,8
286,wdxamdbduwhtdocgkvtsoldiersvsn,20,27
287,eqcjsohtzsxvofficerjdkywnvoxpf,13,19
288,fcncfhuinwcolonelfgujfhvpitabj,11,17
289,ydkbnsbfatherdvtchynlpggpmibtn,8,13
290,vregimentpiowhqfeiyuadofgxtrjx,2,9
291,edaskrhkycivbyutpczejnltavdfox,3,5
292,csgxobcnnvacptoixcommissionqge,18,27
293,lsfqbedlygrkmnkiregimentydyejl,17,24
294,ntpgitlywmlfuwnbefdfavourcfvod,20,25
295,qnplqktfeukspfccardinalabvidyx,16,23
296,wsergboyieszemhwcsapdvdbqzjkpq,6,8
297,hrepliedbhqydywptcgulmbulhfwzo,2,8
298,spsmilegcitiyvnthbwwrlexuvljpr,3,7
299,odgsvhrjdvbprotestantzqupdvyki,12,21
300,pexphknrngktkpeminencevmyogkax,15,22
301,lprnfukapsmoccolonelcvthgmsihw,14,20
302,wxbipmanwloffpmlghypdwrqxstoek,6,8
303,ugxaskxyjnbixgacvpvsgcyfhmrbot,4,6
304,eqgmniuzfavourshcxkwdmzxwpcuvy,9,15
305,ttyvblzpqxmbtbytxtazfrefusediz,22,28
306,cforulqsufotpqofficerndtqxvksi,15,21
307,kdelclearufiydyamdzarikvvfecbp,5,9
308,nlladlotqsknbxzptikqsovudcfrrn,3,5
309,mkbnnqrzbctctsniysmrvspiritmie,22,27
310,rfrpfsfjuokppchaveymetxuzleajd,15,18
311,zbnwodsyoqyeauztqapsvpreparefq,22,28
312,lgtccinzesoaprofessionprnybimw,13,22
313,fgxkdqjwaisoldiersvrhkodjlawgk,11,17
314,gnvjvpxstudyingctrghyeikfxruxp,8,15
315,ripycxgfflazmrdbmywtwmilitaryc,22,29
316,yspelbhistoryvsjkqyxakmhveczft,7,13
317,amurvlufkjdaxrhardfdumbnxwzjni,15,18
318,vgzhkpzzizgfkizisyxsendfsonzow,25,27
319,hnbrsnjahofficeroshuvvkphzlyna,10,16
320,yzvxpoccrtofgsyodiedlkxocnsypo,17,20
321,akyoysrraljobbattleyzudxrfzkdv,14,19
322,zrelpxixsaafrancehocmfwgrrbsej,12,17
323,ypaofcvstnfjdujfrancetacpvauxo,16,21
324,jndxswyonweauhhavetprvjdbwfbek,15,18
325,ogjghpigkxhdvzhavebrwdlnpzgvxb,15,18
326,omoxumuyeinfluencejrmmlctzhdvy,10,18
327,ggxzuscabaretkdzwrbgpyyofjgipu,7,13
328,zvosergeantbsymnpxfhkjeokfvsgb,4,11
329,xosxcwdrbxutfhkkmacintoshzutag,17,25
330,wkeepshdclgwextfsblqraifmzgyvj,2,6
331,tikrfegpvrdprsscottishnvyofziv,15,22
332,iubcxhkpwgsoldieryemeujtygndmu,11,17
333,yjmiwvbsirlrfbvflyexdhsdantqjg,8,10
334,avejhcsrbbybbmmlohrvgateafhwgo,21,24
335,lqqaxnihnjhhejvcfbarracksqkyre,18,25
336,umstenkwypxkfdiuuxlhbcqiatfglh,3,4
337,totpsabnfkbxzfdeniseslcltkpguy,15,19
338,tcudcnxskumgbihahmgorzehusargb,19,20
339,btomorrowsdzyahxxntabmzqutykuo,2,9
340,pneoglikpellsafternoonotkofxaz,14,22
341,obpwhavemgfndgejzqamtkhvfbectn,5,8
342,inndfcnrjvuxrmuubjztalkxhosqjw,20,23
343,dmassistancedpchplneyalsbczkxz,3,12
344,xctelzltmrsqlpnsoqndlltivxhzyq,15,17
345,mkpuwvkruwexojjjrltouchedmkcep,19,25
346,hfbzcwywrtujgcqphorseaujdlvwye,17,21
347,gwvtsasmrakvnhptatlbpjhcflankr,25,29
348,ekbheelehifgwzslyvuctdsfgcbpak,4,7
349,trodekvykzjqxuciapxlbrdsyfctzr,2,5
350,ueipxuyfovfvzmboysmyqhzlsrpguf,15,18
351,xkwiuwgnteygbxeviqnkcontinuedw,21,29
352,rdpaeqxxsanzmvwfvpplaylkxcoebj,19,22
353,meafternoonnxenzuoxhtfjwodcush,3,11
354,vhcbraegecchvwkmoladdfhabpquyy,18,20
355,sezremainedtynqietcpdhlkmjbysa,4,11
356,xhdjhomeimeiquyxbwrxkdjvjssczp,5,8
357,tcqqxsurprisefomissfvhldnetxqr,6,13
358,gxpyrbggtpuixylnvisergeantzmef,19,26
359,fnvsdkeepscmtvkoyahcnrbdljlptp,6,10
360,yfrlbdhzvtodaygpmqlgzoncnbhauw,10,14
361,qwsdchectorugjvbrqnfziveiowtph,6,11
362,jlpdsxrjwobgdejstzmwzdyrareoam,24,27
363,bwdindoorsjisqrbllkdvnczbezwkc,4,10
364,gogslkhyapkafternoonnuixmmbrcn,12,20
365,ffvofficerjwqvkimazutdmrnauopx,4,10
366,qoxsxswwoxgbvxnmplayingwdlupad,17,23
367,znwjlbvpladfnggltpwkdsobiojmyh,9,11
368,raskedkaucfvpoztdlabuiywrjnwqe,2,6
369,ufaeznjsawhadnswuphpquestionsw,21,29
370,mdtldxwhvdkiyafnthwlvbmatoldwf,25,28
371,ykxeuteumtjudzamtahadrihadirwy,24,26
372,gdhilzrfxltxpuinfluencekmgfwvn,15,23
373,yagntmjaxylalgrtedhzonuassistm,24,29
374,ceczbkdxvzfypsortuvmrxnsncfqht,14,17
375,eyefstbzassistancehkjwxerbgqjt,9,18
376,kcdymzjjkpwjilnlmchwsergeantjl,21,28
377,pwrmxlwofgrumbleddjiyynuadjfsc,10,17
378,vkzhavenqagshoymwkkhejuibtuano,4,7
379,ighsuajqoaizgginfluencewsryouz,15,23
380,zkskzjccjmgettphmzsiqdsfgklwzf,11,13
381,qwbpmhbknighnkbxcpensionuttfsa,18,24
382,xdlkgkvtkbedxosnsdonpscwocuhot,18,20
383,pxkzprzvbrmazqdboyxvipblhygsue,16,18
384,kchdmfgtybnjdshsgenlistnmtcphq,18,23
385,abuqgbutttfkxffpfyvolunteerhae,19,27
386,zfbwxnthebtaohskyzefduornwyqlc,6,9
387,kxqjzsergeantfjrqohiemvddqkzcm,6,13
388,yckoxkbtevalujxlrlaughedpcimvo,18,24
389,faxavolunteersngcpjnxduioxmkwk,5,14
390,nbvkrwehdyipvdykhjynuyoungdplk,22,26
391,eatfvhdhectorpdzxvealnnbxryeir,8,13
392,giuklqcadetspohcplyrnzjwnzbvoq,7,12
393,hfitutktydmnobleyzgnfuerbwnhgk,12,16
394,ubdobsckesbsphqmefamilyqklckij,18,23
395,atgnbyfuvkoxgdyxehaveidruycaaq,18,21
396,ueykybwaitlvihxwyygmdhnoucfckt,7,10
397,tmryuylwyuadtevnwqakpefcoupleo,24,29
398,sracihsuhyyfjkyecllyearsqgleuk,20,24
399,jewbmclnoojrbhbbvyjjsnenlistfm,23,28
400,hmbzjkmfivolunteerwmrjdqemdjgl,10,18
401,jppdilcmksikgwwtqiwpyxntheremb,23,28
402,jcefrrgoodxjgtemhvtsqibaiugcwh,7,10
403,ascottishchlfurzrfejpabqyvones,2,9
404,spgfqsoldierscitgpimfcyakmoxny,6,13
405,katpxhsittingvyeacjiotgsqavjyn,7,13
406,zvpdroomcilnokzgxsfhxzcbljnfpm,5,8
407,vgdjdbvfvnfnpntpujohfrofficerz,23,29
408,xpcslpunhajmztjqwwiydvrodeicar,23,26
409,rdpxmxfydoorhbjwdmyapexkbltezd,9,12
410,kogthodismountedgoylelwsvkincy,7,16
411,rgeneralfldizyejitfwtlgpxqmvpm,2,8
412,ywvvubnfvknofficernoakqnycbxht,12,18
413,nljrlwbmenrjvngemjvfbkqkddshgi,8,10
414,hcvmhtravjcxfolookingszxnyzpft,15,21
415,nxhtibbtrbbfiltgjcrzogwindowok,23,28
416,cbhcioghrddodjnqkpkftnhwxdoorg,26,29
417,snzxqxzuqdslfopenedyoernmsldft,14,19
418,moarpxeofficerzjbobumzrtqixfyg,8,14
419,xbenteredkciehnhrgkastwlysbimr,3,9
420,jsustoodpsvaibqqzdphayeygfsjir,4,8
421,ofkxqusqhmqrsalutedezjwdkyktti,13,19
422,iazyjkvwwjgakweujlmsitujcaotkb,20,22
423,qbsahzzlhllyrmenlkbwdyvzmlgxoy,14,16
424,fecayptiulypfhnqvhsdisturbfjgr,20,26
425,xjwxoohdixdgxydxflyzyhavevubdh,22,25
426,bamzyftjfxwpfjtalkcvarunbkysig,15,18
427,ywwmwwyvnqbifyheasergeantilyjc,18,25
428,lrnuybypwigakmacintoshdaykljnk,14,22
429,agyxjiiahavekuosenfxbzcjdqrwsy,9,12
430,gayoroomwnsazofcyseuyvvoraklwc,5,8
431,ynlilpseuqfwjadrygmvsergeantir,21,28
432,pphstctmopxihwrimgmrmspeakvsuy,22,26
433,yprivatelykrkinlachgdxeboztrwg,2,10
434,skbkyhejvzfwwrtkrxjvggeneraloz,22,28
435,hqbgywzakxznkhmskcsergeanttqlu,19,26
436,jqfadjaigkqjsalutingfnkvetlbdj,13,20
437,wlpugcivqgtkswivledbkshlzeiwji,17,19
438,reahcwhkbmfuxwjotdgvfoxroomikk,24,27
439,awbvwrmzjthnrcahgenerallyivsqa,17,25
440,thaxmozeixkaidtcjdevotedifzbgu,18,24
441,scchippvwojzsdnoncommissionedy,15,29
442,hbgooqyxyvrmuqofficersgemmnalj,15,22
443,ojdjuqydqmeahemysmzofficerbwpy,20,26
444,fodwepncaughtuvriydazbyjsuopfc,8,13
445,dviisldhlzkqhectorjxtizmkhzqvl,13,18
446,gcikizoxyldqqzeebcgjeyeecwmoat,21,23
447,gbfywczmdtbeckonedrzdlcempjbui,11,18
448,xqmvttsmxggrjasfollownjasdgsbm,16,21
449,tocxijfcapvknowqkokevnmrgsavpb,12,15
450,hjlysergeantilzrdeqbqmbysvfupo,5,12
451,mktwrqmwutscuzhmknftqgeneraloe,22,28
452,gotcyinfvrldtdkdaqtolviscounth,22,29
453,amivudsnhntlmaturenneesmfahmqu,15,21
454,tzopzzyysawnpgupirnhectorbtjax,19,25
455,lzsgitudzhyqekxgavepeplgwejnyq,16,19
456,bcoinvoluntaryydbqlbewgpxsxjcu,4,14
457,isaexclamationbrzgtyeihphoawjm,4,14
458,wrawhorrorhfrxqxworjolkmldcsej,5,10
459,xqimgpxidgawthoughtnpqvfmwoiis,13,19
460,wtlerantykkfhtxizpgfreedomhuef,20,26
461,abqzaogkzkhadgtnjvfdwuaiwmziqy,11,13
462,aqpeftegzqfvaxxhrdekgdayvshyrb,22,24
463,iqycdiscoursedaawhmgfqmtljiwkc,5,14
464,cfamousmfahneblvgribgqrkajczof,2,7
465,nduqqrtcdjphacommanderjcbfbdsx,14,22
466,gkovffmilitarytdgimswvajvbfbeo,7,14
467,oubmofficerswuuyoyhpmxlengvesi,5,12
468,iyblyowvxgkfmbrepafjaxozjtimec,26,29
469,xfkewiqhwearukydbfsqmpnxxatoms,9,12
470,zncyvbbxsssnnnnicsmvpdjttvsetv,27,29
471,vyuniformsincjrwheplyyzkqcbmsi,3,10
472,obusabaicyityduaeconsiderablew,18,29
473,yrhiszexlatitudeefrpsuwtohgatm,9,16
474,wunxvztgbeyfcvsoldierszilbherg,15,22
475,jutihbecausemyhmsinkpwsqecdrhg,6,12
476,ehewdgormsdbkyjacjjrfolloweddb,21,28
477,kbjehfattendantsmtwcswyphtqcfj,7,16
478,srpboyquaffrlitcapbtzscjjqmwkh,4,6
479,thczhadxcluqbuztqrstfwmkkgacbr,5,7
480,pymjyuofficerldbvlpcvurwkohzmq,7,13
481,rgspdcwgqbbmnogbzlhsnrbyyoungk,25,29
482,bnsvbojdqsrhhrwubvfjthcaptainq,23,29
483,vodanbnyzdquphquietnesswstzfja,15,23
484,tidukwhnflpepcdresstsnzvrhepvy,15,19
485,bvcpiizbdsryfjdzhskhadtutazloi,20,22
486,pafwhflhcgzryzeyleddpijztgwxdt,17,19
487,mlyfocuebmyveiiiubelieveobpjak,18,24
488,eekmzybcghkbelongedzbxkslpewnc,12,19
489,mvpkjlcanoblemlcwtfyzemaenbuyd,9,13
490,rcgudgufamilyfuxjjonhtuwfiednp,8,13
491,gbuyucemladbyhbmulsgdcjqqidrcf,9,11
492,sxhnxixqfrwixvmrkqtellsyxycebz,19,23
493,cwkxbzxhsonfyopunxwdqckjcepstv,9,11
494,aepuekwsbtlypeecaptainmbhpcrii,16,22
495,qbrfrycemdawvpkskzsdcampbelliu,21,28
496,jkgfffchscottishsxbbxeoclhnmve,9,16
497,zxvdxdjhjbkregimentjegvsyiyejb,12,19
498,lsynavnvfpcbqgeneralcpgjtywnmj,14,20
499,njzcfgqsergeantnyjxrgvwsnlijkc,8,15
500,lkthxvhtckqgxubvflmifatherymtp,21,26
501,eochkrecompanyqtcjwfyprvmviigq,8,14
502,ejydcgjzdennvsclmvtmhavekybxgh,21,24
503,vgipestxwcarekhllsgvfykamngvcf,10,13
504,xzfrujnthvqvckalhavermdzswiios,17,20
505,okvavtgeneralqebqlcadvwsthiazl,7,13
506,xjwygggoqqzaqhcceeyofficersmdq,20,27
507,meqwayhmuscfamjgregimentoknvpa,17,24
508,fjlvghryzqzcrallowrglkmwvuxhyy,14,18
509,qmveladdpyiheomclwqydimnbxkejr,5,7
510,vxavdssjtruapqevemhhccfoodqkir,23,26
511,fqanbheahvcostsvjhskuawngolqpb,11,15
512,vrdbicqofnnvmdzseemsvgmznjonol,16,20
513,qddptnlucarefuldtbiiwqrqsvznvp,9,15
514,kxvcbihhkzstudentuodftihpzomnw,11,17
515,trkyivtjvjzdwcmommoiimilitaryh,22,29
516,hhistorywepsxkalnghoybszxzmnwp,2,8
517,zrsergeantnumgdelkzhsbqyyvaqgc,3,10
518,jkhddsirhejpkdieksuvnhrlzfmwyv,6,8
519,vawhfaxyfdddonxyilnczyoihwetrp,12,14
520,tighashrybkfxpmawubjzeirgtlhyk,4,6
521,einqqvnbeenbtednoaibvuadpryinw,8,11
522,aarugpdzsyeppbattlekwdgedfyeai,14,19
523,wgyqgdqpxtqnbanhggqfskirmishtn,21,28
524,pfvrxisbbxojrbsxdupastmujfgwbp,19,22
525,wvueuptdvzkfqtenufhikpzviscwrm,14,16
526,rolqidqvyearsymifjarszmkqpvnwt,9,13
527,dczvyrwcqaioinsqzbrrnkjvbazlxh,13,15
528,coutsgtrvkcgembtianodvswnrxzzk,2,5
529,wjqssxrsbvzqdbwsiteitsdwqxkbvy,16,18
530,zxgztsvjjyqtkhoursehxgnjuvcsvu,14,18
531,rnhcdhqrquietlmayztrxwhbcdsnkf,9,13
532,zgrfgeocdkwtfyvxeidzkkefmousex,25,29
533,cgdhnwxxjjrpqaofmfsoldiersginw,19,26
534,ghtbvtdzqowwarsopmrsknuxgkbhnj,12,15
535,bkqrbkbkopdrugetsglxdmpbnuiqjv,14,17
536,forluhjckxsyobookshqsdstwidxnn,14,18
537,qcbzulentegffnqsrjqdvlhkxouljn,6,9
538,lzgdnmifnleslhrqsqczplansrvkcc,21,25
539,tbattlespywbziyfegfrcghmjvoxqz,2,8
540,tyadhhpxsiegeswvwcfbthuxknrltz,9,14
541,nahbarrackugsqntojmwipvzdhwage,4,10
542,mltnojpzfrrrpfbsfwexyardsbwufy,21,24
543,nhjfsbdrbxoxulnwoowatchingoigs,19,26
544,sirowxidmyoqmytkvgevwqtrfmenxz,26,28
545,ehoqcrhqxbrkpfqghirfdrillfnwoh,21,25
546,dxupayneqagybelievemkvbpscfzrw,13,19
547,fqwegocuugsmoknowsdwxuhfqzejvr,14,18
548,lvbfmtpnhklptydvaylxwordsnuxni,21,25
549,pmcbriqyotdcommandbjfnuxtqadrp,12,18
550,wxicaptainlvuwmqoxakshrznewcvb,4,10
551,kgquhhdcnyzscottishnwwcjrmtrie,12,19
552,xazjisieedrdwwiahxqregimentikh,20,27
553,kbihhandlinghdhgdzjcfxamqgwptl,5,12
554,vmmnzhlktjipadlmusketusqnyzbpl,16,21
555,wgjyhaveptdpevbzznqvyuoixusodk,5,8
556,sqhlicuezgvigdprwnlnoztaughtey,23,28
557,jetwxozscxabapswordlxdazdxcqwr,15,19
558,aahzdywbxtenpyvkcmvestytmdwgun,10,12
559,rrgksmqzvxuyjmzyidicoeyearsdbt,23,27
560,hnvqcqyjkzxghahyhripmwalmenofz,25,27
561,ycjzfatherdxphfrvqfnhgqnpsjbji,5,10
562,twwlwpecompanyhvsoozlijewdmdvr,8,14
563,sbzcjfwihavewlivumbzuofyddbkfv,9,12
564,qtcnrtfsvxxsqhrhepordpleasuren,22,29
565,zcnvxkhqteachinggfstaixyzkdspu,9,16
566,xljneseladhapnufimldsykjusgeam,8,10
567,zzqcfxmfbepzugsyknewyawmjuidtm,17,20
568,vfshxdxmlmbxxprzkbremindskowoz,19,25
569,ucxjrepyxggiwpaoyjiezboyhooden,22,28
570,hkbgeneralliqmnwoofvzrvksyljqf,4,10
571,xxhetivxiablooksniuwldlszcqgkt,12,16
572,zfxcdsebdfczcbfjnyqlyseemsyscz,22,26
573,mvkrxwwfwdbhasuegihztfmdtynjoe,12,14
574,iasxzioueaoqocmhmakingkdrbarfc,17,22
575,chfyshpoigszfgoodnpxejhonmbydp,14,17
576,xlmaubxumvtnkxdzhofficeredscqm,18,24
577,gtxekvofficersyhragwbanfcwljsy,7,14
578,zshqxkduregimentumtpbhwrfxfsnr,9,16
579,tmbdycahlossdselmenxubaufmgzlv,17,19
580,iwgdosstgoodvxuxozkqvghnssyfie,9,12
581,nydqzvscottishadiubiwchaoqvnwl,7,14
582,uppntpsqfjdmocfxgdfamiliestsjx,19,26
583,zcesserveaouijydlnkqsjtebpxcwc,5,9
584,vbcapacityjhugnporywxhjnmtwmdq,3,10
585,usnuvmgrshhpvzshaveuempluvcigb,16,19
586,dyoungcnyirzfsmluqzxbkvidovghw,2,6
587,hdtivljmppgofficerahbgkluxzjgj,12,18
588,zqiyptkqwjonezxvkesrxcarrybflx,22,26
589,dwmmumessagestlcifjxnbhpwrgkam,6,13
590,sndzrlffieldfeksklcxtghfprdjen,8,12
591,ornqwusidiphtrynkzivbattleiuzt,21,26
592,fdtrusteddabhcaevnpgvrhmnpiqwt,3,9
593,erangrhautomguunderstandnpocfa,15,24
594,zpmgeyzpkfvgnlwztimportdthejpy,18,23
595,ouutfasddiwxecbfpdeliverjvnsky,18,24
596,xerlrmhcjjfcnkblzfaithfullydwz,18,27
597,lcrnhceexocampbellyhyajbtzanfp,11,18
598,hmpnturningxbyspqiaeivfkdljwmz,5,11
599,lvzrieqykndsbcvrvladeyguyphati,18,20
600,fxvbwdbydjmstandingoijqpyzeqhv,12,19
601,pomizrzbfbvflushedewtffjetphro,12,18
602,utjmubbtaajbzoagcepqltmhfacerj,25,28
603,cflufhajkcaaqrlbeyesgqryfusikc,17,20
604,qacwobbxmzkqnbwobeamingwaxnawi,17,23
605,fmwrsdelightkocvurbdqzmgpskwnp,6,12
606,wrevbdkyrbgxgvsunecsgratitudec,21,29
607,tvttnolaxgivetbdhvkpluylnpeufg,10,13
608,hoavtntvpiusswutdcijchoicesidv,21,26
609,tvupxnsxnvzqappointqcpfcghndlw,13,19
610,poiohvolunteerylebivomnfmnptqs,6,14
611,zignbaynyearvmgciuzffdhrjbewgj,9,12
612,jezzlttimeyunbsoegkxuccersbtta,7,10
613,talylghfsfwxconductaapuiwrzsqm,13,19
614,dgllhqsatisfactorybyzmkchkuaxw,7,18
615,uliuzsylieutenantuvjckexlubtzn,8,17
616,oujlnmegabdirectlywdacmqglyxtu,11,18
617,dgyxemwceahouseholdrphpwxtbhvc,11,19
618,zwvtxcstubagkzzhtuxobjectalywt,20,25
619,mizcwkygqmpkeufcasebzsmduwkyob,16,19
620,kqqciuqcrpeemvproducetzabkflol,15,21
621,jjrbbfnofficerfzdtaynpbmxqwwfl,8,14
622,hqilnxqrpbhitrydvwmajestyiosvp,19,25
623,nhavemcizqywubkwksxpsibzylnneo,2,5
624,zxgmadoptedujpmolxkvtajvzmcdwb,5,11
625,xmgiptcqslmrlhcoursefsdbdblpes,15,20
626,ukkxhwufhxbcprbfsbualxtutqhade,27,29
627,xorppsdafvjbeenrxqpbfuavkkabdt,12,15
628,fxvrciaappearncdrmurgfjatioyvq,8,13
629,vodyiqdzfghsouixtudhavednhuilq,20,23
630,vffhanoclpkuwrrdyellearnedtrmb,20,26
631,litqykmvcywrdutiesofyztcgwrrhd,13,18
632,xizivasoldierjgnstmvlubzmnagrs,7,13
633,femsqacquaintedvtycizecmrfpaav,6,15
634,gtewadtzettgpkiordinaryccedoqm,16,23
635,efjqtyxphqiwglidrillctacwkkmdv,16,20
636,zhpsgljenecessitieshfapuccxstk,9,19
637,znlaxfueecucropvgnsoldierjvcom,19,25
638,aqrwwgnekqgsrqlifeurslsbaxeibv,15,18
639,exoqbdzknfbeelenterfbxdzmqleer,15,19
640,sgxkbdgfkxdoetiwfqhthouseholds,21,29
641,oahubvowqmzfzntbfindjyzuswpegk,17,20
642,dpvhajbsebphtfctzchildrswpfbkh,18,22
643,jbfgbgqzkxjdplayfawowrxlbzejbd,13,16
644,phlifelmqsjqxouzgduezrpxmljkcd,3,6
645,vouxeaseuhwuyecbptmyvrvoogkzzd,5,8
646,ruqcomfortnfjsdhdmwtqpzscukhuc,4,10
647,zkehifqfivbuuasparemwdhvipshyy,15,19
648,fqfctpfoxvwquuhumrsparezbfutlw,19,23
649,esaynjofficerswgdxluuhbclqtezk,7,14
650,nsldximmediatelytsrjlviwxlsydn,6,16
651,rjmtfqudysmjpregimentaobcvkdgr,14,21
652,zafkcigypxxeaulearngwudlsxothl,15,19
653,spitbkkdjltlniwxjjuitdutiesjbs,22,27
654,sddhbjpregimentaljqruxposojdpl,8,17
655,njfxwwzvlnofficeritorswmamnbvn,11,17
656,ynwydahavecvkaitjndpzyslpanbvk,7,10
657,oemjsjkwtbbcewhcopportunitiesa,17,29
658,vpzpftwharswdmlearningphcjrohc,15,22
659,yartpsydcgcqonxywldmzqajevlkfv,2,4
660,zkwaoorjesoinwqwqwarnewpabwvxt,18,20
661,sguuntdaypgxnwtaupxcbrdrflohlw,7,9
662,zrriebecominginwcbmzgvaljoayzt,6,13
663,uovuyjpygidistinguishedxgvekcn,11,23
664,dofficerqjgmkvgicxxpvufsdqomju,2,8
665,etkbvwbskrwutdsupposingnveajpt,15,23
666,hcfkrjiwcorjhgcagjsuexwcsshotc,26,29
667,akvzrrqfhsmnsxobattleacagexkvs,16,21
668,ubjyrjbwlnuibbnxzdiehgcfoiyctd,18,20
669,gozndklncmpeyfatiguegsbferzrlq,14,20
670,qiesukreihardshipzudkubklfwpjs,10,17
671,dnxlvchoosepudwoloabkmrivaykrs,6,11
672,iqefduyuqzuxtqtambjzudasirnszh,24,26
673,hwqgoodnessomzfgmstpxvxrpqeilq,4,11
674,gaeuxxygcwbgzrzaqzigxdsworlday,24,28
675,wwxfbtwwvjzclknpservicepyxghnm,17,23
676,sgeneralbekrpdagufeqyalnprzsth,2,8
677,mulupueyqmuobtainwxpcknyymrjbt,12,17
678,nappointmentipaeohnznklrfukzua,2,12
679,mjlieutenantcpuopzixkjkadvfhqh,3,12
680,pwbtgpeythelxohnhtyqattacheduq,21,28
681,krlustlkvehouseholdozhibkxawci,11,19
682,tzvgsimplypnpfqlnudberwggklkoj,5,10
683,ylzkjkvckwhkjngaeqvpobphavejhh,24,27
684,runjuairiogqnhbccenojcarrykphw,22,26
685,uhucmessagesccebtwirimlankpeuo,5,12
686,sryhkflhaveczhvlostqueuqsaipva,8,11
687,pwnxcsumqtqotlearntbxmlyijefwk,14,19
688,dofjviycharacterkyesuqfidktavh,8,16
689,aafghflzexcyemploydguvacenoltp,13,18
690,fpigatjsttesyzuxutrusthezrxtcd,18,22
691,hchdvklfxaxoiqosergeantpapjnzs,16,23
692,tbnarzukpurseayqgmkxnmjcdvlush,9,13
693,berrkzocontentscsrwmkvceeihpjy,8,15
694,vbdaadraqrdbfjfurnishingxcwgjr,15,24
695,ehwbcymqgwviowjnkhwgbfhlyladse,26,28
696,dpptkoozjoeoknoxlizgjhclothesx,23,29
697,ycwbzmaqmupvtssuitablenqloakmj,15,22
698,nniflbqplbhbuwgiyigttpositionu,22,29
699,ccallaqphdvjgsdykbemscmtrlfwul,2,5
700,bddlkgjtaarvovbejvcydaysvgyoaz,21,24
701,awaiqcratsrhotelghlrleyumwphdy,12,16
702,xuzduczonlypkatvzufabmnkyjemsx,4,6
703,vptikeqrzlrdyyqdevfstvyxylzmqo,16,17
704,avbzvrbouillonckprbwateeawngoz,7,14
705,sstayingwqkizygeanhmculetvfboc,2,8
706,nrideetkonraxerpqvkdnpflawcjhb,2,5
707,xylwrbmoaskedduiyrxjhbjwnrzged,9,13
708,ucrrqakusuddenlyjaiaykvpucvqly,9,16
709,chtgkfgaeouzksirecyakwubxjptnn,14,16
710,fseeaqulnkibmtsxovebwplscjrwgu,2,4
711,irdtnsvpeosgmatterzojfndsvpxme,13,18
712,zoalxrhorsebjxpcwmjrhkumtzlske,7,11
713,hykuwwxodlyievtfctumleavingcyw,21,27
714,sfnhcyeaqhxendudrcuswneflpggpy,12,14
715,isemtqbgitbcvezweektmvxcoyfvpt,16,19
716,wbutiqhisajbbhivjoinffcmpjiohv,17,20
717,bdrfihgxuhbwpliwarmybtbwhjefow,17,20
718,mtobyocoboktcurfsitalypwiyszxc,18,22
719,ctgkptkoiejljzqremembergyamxtc,16,23
720,iitetqvsckiyyyhwjejladwcjednik,20,22
721,xclquxjcamiaddedfrwciuaglwvsgy,12,16
722,ivvhmumpntkvvzdznsmilegortdnzm,18,22
723,inlearnerhguigobnyedffwdpvzrha,3,9
724,mnuugtzknpxqlzgdfvupxwglrdarts,27,29
725,mdxmvobytejpgnvaaoofokrpwwarrk,26,28
726,dkdahrwaulzkvinsodictkohyftexb,15,17
727,cygijjtnoddedvoesyjuyiwmuzkbjb,8,13
728,mctcuykindlyimndjwjosgyqydbkwv,7,12
729,lsergeantdcntuugecmbgfoivikyby,2,9
730,mzntcreturnedvbkfirfuugezobwzn,6,13
731,lzirbsidsaluteafsjoeyqlafkduty,9,14
732,wzkmybpasoldiersrbiexvkvwcizmk,9,16
733,vfywextumountedqtngforgpvqarbb,9,15
734,nzeizeuhkphorseqfhsuptyujmvipi,11,15
735,onescbfquqycwyrzoorderlyqpuqsv,18,24
736,luhyhvbyywdhyhpkvhholdingijysr,19,25
737,mrnnhjxfgbhxahohaqcspsnrodesqz,24,27
738,aesergeantqedwistrvldrpguwokpj,3,10
739,rkvuhectoragjakpzfgyqqoymbdwtu,5,10
740,dceumxqhvxwhplejrwjhadarhvuoew,20,22
741,lkcnatyfollowedtfjkefnhxzlhxey,8,15
742,urabuzionkofarfzsaviscountxtzk,19,26
743,mpksnuwgiqmdhturennebjqdxevkfu,14,20
744,flkwyzyzpixdtokiojuivisitcjqyj,21,25
745,feazharcabaretedpblyrmyumsizoq,8,14
746,xkbxjjvkuihqkpaiwsoldierixlpvj,18,24
747,lycaqyxqudhavejyrzwmhgkmqolzps,11,14
748,fvpfgppyonxhgcfzqmgkydeignedpi,22,28
749,outuculcruqixoxnsybgqvwjofferp,25,29
750,bqczwwpositioniybvcjozpddykxlk,7,14
751,ftfeimjdbaenoghouseholdwgkytqr,15,23
752,kwwwblgbfiigxkzscarceyiltybsxk,16,21
753,dfobelievezgjmufcyrltsevlwaspp,4,10
754,qcjfljoqaarvirlqvvedreamingzvo,20,27
755,qioljjhuglvawtpuoxdhaveqgciaoi,20,23
756,ypjyyizeopjmieciparfgainedaeet,21,26
757,zchtrfavouroescrrzxivvjbpcikwq,6,11
758,qwikpulejnqzliashamedxunefhrjo,15,21
759,zlfzzkhtwjjjsergeantndzqeniwbj,13,20
760,bgncmxtrieeoydmdorsvrqdgainedy,24,29
761,wmpxguhyowhfrguwspresumptionqb,18,28
762,btknowoivlrhqevwfktatwzmjlgcys,3,6
763,idwrolcxdinsliinsolenceqkxzofq,15,23
764,qjcqqeafwpartyxhumlqqgifijcvwd,10,14
765,odfhavinggbfpycxkwfrvqdgsbkoix,4,9
766,mzarhmimicqodmayxhjzeaecgwlnif,6,10
767,ptofxxmbattlekrbghijthtojqxbcf,8,13
768,jqgdwrwkactingojsltekpbmxxgwyi,9,14
769,zyvhfirwnaquulpregimentamdcqzz,16,23
770,oewaetbgivpxiajgdwaqtsturennek,23,29
771,ugcjqhgvfwlczixpbdustormingtfq,20,27
772,uztudhlqzyalasyrmaaxotldbpwrcu,12,13
773,opncoaenlwjtjexghkaiebwmotteyo,24,28
774,scliqzdqfosdnwkhcommandwfjmabi,17,23
775,cnhdftuajopuncqdactingpimrfxwm,17,22
776,zxwiwturennesgqejdanzrjiryfhaq,6,12
777,zkomskgentlemanhcqlrfmbzivuzot,7,15
778,sswrozzorafmnbappearancebcxnzj,15,24
779,hgmnihfajnpmjpmljagezpyqwhwuxu,18,20
780,nsgeovpaabwagddkxtqhhtotfactcs,25,28
781,udsnuurgtrooperseboozrdyncsjbp,9,16
782,ldrodefqvdwwequlyruzihyabajstv,3,6
783,svvzbpdmlzqtookodqpyxmkvbsfnvi,12,15
784,rooszzwpjkcvgcaptaintcuvoeukaf,14,20
785,dlticqrttvkqqxixoorarmywmlfoqi,20,23
786,komdarqjbqquestionedsnbcmlprbq,11,20
787,xnswxytoldqqvpolfgvuzetamonydf,7,10
788,bekybhhcptalkedkzydocabuozligy,10,15
789,frzlkoieqnnnuflohpturennebaloc,19,25
790,eiobopwkkjhjsawpbsoqrthoughtnr,22,28
791,oovybtfnfflatojpgreatestwammsx,17,24
792,qjgeneralfcrpvhmlbpdotyxizezsk,3,9
793,ikltfhwmrxidancatifturennewmey,20,26
794,dmqouournqfsmowdtzcglearneruxr,21,27
795,wnprriwabkyartrxhdjpqjssinduer,12,14
796,izxrwzwarmfipnrpgdalvwtoyhczvh,7,9
797,zbftupheldvltsnrexoizueivbolfd,5,10
798,rtskoatozicruvotehwtiohspokeyw,24,28
799,xtgqqvilhaphlebdlbattleskmzzkq,18,24
800,ngbvisiegesbophdsrmtjvwzuvwzix,6,11
801,vidjdknzsztdsaxcohadyclptgdjet,18,20
802,apartxzjlapywhkjogqchervsmboqd,2,5
803,dezegyrcnyhgewnvvjuxaskedvrljs,21,25
804,jeykwttoldtzisvfteaxjxgbhuwzql,7,10
805,maylrhdabirthzkmpsotsrjlkxvhvg,9,13
806,naxlyasyjhiyrbringingbaevuemsu,14,21
807,eassistanceocmryxhiqzafgputngu,2,11
808,cpssfomcallzbgshkwocpewvrtlnfu,8,11
809,opaqdxkuyekcrparlbpjvzmorseetx,26,28
810,xvpassescykasvxnjlciewtzhugqwb,3,8
811,rsovntfnkumkrqhglutvbelieffrbs,21,26
812,jcicaohtokuzbxhectorcpaxzokhdl,15,20
813,cqfgsxboywyabctlzufgcpbrpzdaed,7,9
814,pewdfmbcwdtojbvbshaveywqtcqjxn,18,21
815,pvpngxcdaredtsdpkawoayxqcmyrlf,8,12
816,pxiysspxcddnhdpoikgenterdouvic,20,24
817,pbwwrzmlejpiknbcfargumentvzsmd,18,25
818,zwnszqahlwdjgqgofficerxyhrpzoc,16,22
819,jendwkgmbelievedipdbhxnqfoyunz,9,16
820,skyaampftnhzmqfkekgzcaptainzpq,21,27
821,fufzbwamevjhuudholrhasbadqpqev,20,22
822,abgzhavingvuntwlkcopezqfaxizyl,5,10
823,eftyatisagtvnqaqbeuwadlaidagbc,23,26
824,bfixpwhipugsdsqxtxagqwjrdljiah,6,9
825,ekubackxgdlyzyairlthmkfrpwanpb,4,7
826,nvxrfzzwgbpmndeservedzcfzunkpl,14,21
827,vwjlnrdtxyuxtysilbexfortunepjx,21,27
828,wuwqafakmadeuhsqpelzfqrkivkiww,9,12
829,oxvgwcntutalnqfhqcsqgtdladyiow,24,26
830,itxcbehavencgmjxraahetziwqmdty,5,10
831,bhdfdeczccgjoxyjxjmturennerwmy,20,26
832,fxiinfbigweptmixhgreatcwzijkex,18,22
833,uaqjuprntvrxqsoldieranytoxdrqh,14,20
834,jbnxskqvfwkpnfyxftbffhhchavexe,25,28
835,vmsxiewgxhckwgwjddanlrdheardir,24,28
836,cjloveddnbohenuxrtgrogllkkxjqb,3,7
837,ystgqbmlxbhmenfeqsozzjfbydmjil,12,14
838,vjxhwgeneralyrvasetvfslbwbuqmy,6,12
839,lmgklqucrrfxriurxdregimentgmzb,19,26
840,daongggjyjpqhnrhnineteenysmmqi,17,24
841,qnvobtainedwzlalnibrmnpkevwycx,4,11
842,dvlsuhxzrkcommandmenjvmpswpdqk,11,17
843,ovdrgpbadmittedjwfmcthxbrhuvzi,8,15
844,imvddrilledadebxszwgnujjqcnwcv,5,11
845,wtftvrhevurqmyghdisciplinedhtv,17,27
846,vwspgsjqwbshtibrjservicearxbnx,18,24
847,dbnlukhawyfcspentnlvdijfqdksxw,13,17
848,ijowwhvrbklechbrtimedflushvnzo,17,20
849,mcogjsdrillingvrzdiksotaszmfwq,7,14
850,moruhadoegyjuksvjecrlaktbfwaxi,5,7
851,eurnlchkxbdlwbeenyhwlvwzcbqykh,14,17
852,nqvxxkyderpjzmhvnnnlieutenanty,20,29
853,osnswovwwcuygsreaqswordhtbjuar,19,23
854,mehpqrdxqhxlubbfortunedgqsouvw,16,22
855,jtrgreateqztozkfmaijembuncujdf,4,8
856,xpxzxjzrsvcecyuehquglnoblenxla,22,26
857,dkbodearjddamiyhbfxgpxnektmftu,5,6
858,nhoiblabgkituhcmylzrvcqgvoensq,6,7
859,tjeytfvalettemdurtfpvazpnicosl,7,13
860,fgmirhgvqhwycweimaryusplefaxoj,14,19
861,vgplshckfgalbeyarmyjcvfrgmwlqp,16,19
862,fjphihdzbqzcdecluunsfxchadgiqi,24,26
863,timcsbryialotunbwptsxfallvwasa,22,25
864,mxxkutzgdqviypiebackogqouwpjcn,17,20
865,pavnighyytfrsxjtnoolwapegbhzwr,4,7
866,dusbgulstarvedzrdnchkvjhyldwew,8,14
867,yaturennelxxmkanikdhjoysclbwft,3,9
868,yejronoosoldmvclglfbwphbjavtyy,9,12
869,vplatezysjevtdpamscihazqguxcbh,2,6
870,lvltavfkkgkzwljcarriagesknltjg,16,24
871,qkqszvfvbuuhobuytohkgazvlzptyn,14,16
872,nwexyttqvtfbtkwnmrhdfooduxgpan,21,24
873,vafhizxtxewnpqalokxwmmenmizkai,22,24
874,fbccpgktaqdkeahadsanilgzbdkcyz,15,17
875,xvabaggagenriemmawtdhlpoqbxzcy,4,10
876,rstnebnxhmkjfxmthrownkerxcwuxc,16,21
877,bwagonsmdwoqhdaecungujpzxymffr,2,7
878,wvjwpeifpfmakeesddyapnhmjsguui,11,14
879,mtfrmgkolphaoroomlcagrsdmqwxwh,14,17
880,jnoxbweakbjrxzisubfnuxvjryvzih,6,9
881,gujptlrqyzjjmkqbmarchyjuedqqfv,17,21
882,unqtnqxeoccasionwxltgfgprmwhik,9,16
883,gxbofhugxygdlahskqgcgavepnmows,21,24
884,hcfzyswdadzgzhorseuwciudzvxzfj,14,18
885,dbpjlbvypfsoldiercdzzbnjamnxos,11,17
886,veqnofrfamehzddfkqzowwsinkings,23,29
887,lygtlthuofnfatiguephmrbrjziwxl,12,18
888,tntbhungerugaedrtyzxiqcedwryfj,5,10
889,nmoikjofemnrymarchedfuvmcfpdnk,14,20
890,oftpzcodfkelodbmbptokhexfootnj,25,28
891,rvarcmmleadscjbvhfryswnrykzbuk,8,12
892,cvyiihaosxtkezkwmfxdzpftroopsx,24,29
893,uwvyltztuiwpekitywfpbattlemboh,21,26
894,qdxkvcqnnxmdgoesufuojglnygjszc,13,16
895,zqrhtpwhqvfollowgrxtnsiommnepv,11,16
896,zlxoauhcubikiqerwgehmpvdspareq,25,29
897,unfmzqmjsoldierslclmyvuatcdaun,9,16
898,bbtztwvbelievegvahfejnzuplilfs,8,14
899,gyhesleepvumabogystwvjesmzqcwc,5,9
900,yrrganlhpaugtkkoctnqpcampaignw,22,29
901,wcggjedhvgoingtdugxikcvqzmwvjh,10,14
902,laufqadqmklbpeofvlyroundsuxrcb,20,24
903,fwseeingofrcidygtawjqscbmsoemk,3,8
904,ygentzdthvocnorderirlxcutgjvqp,14,18
905,kiiklchgoxrpyssupddoutpoststeu,20,27
906,brakwhykhbtproperlyqemtuiphnmu,12,19
907,foliorxusmqxoukdhvsqxvigilantw,22,29
908,kikgysoldierstgwfngxnrvaudkvij,6,13
909,fihavedjyapypirsqtixwcvrfkqexu,3,6
910,qaifmgxkztltghkizcqmyrfoodtoav,23,26
911,tcomfortiamovtmccxvjfphdktojlx,2,8
912,kbzobtainedpwsneebbuaotvkdsrmy,4,11
913,ylhiektqpzugdrrowhceigzqgoyoth,25,26
914,udxpwvpuajvpqncomradeslpdeqmjr,15,22
915,ndeoxgoodgyneqwloluzpfhjgcspiz,6,9
916,xxhcpxbdlrxepuqfdgfortuneshuzb,19,25
917,hscilczylcnqmanhscnoywuvzakfwu,13,15
918,nxoixxjphjutgmregimentjuhgwbxq,15,22
919,btylqaynauwbstqqwqbgcbcjiglado,26,29
920,rmgigfdlzhearozysebtrakkmfwluc,10,13
921,nqlzkceaysxghzgoiolyvowypnhxcr,15,16
922,zzppcolonelypmlhawpanjkuzxntvw,5,11
923,fjchifbgydshlodgingmgjpajzsnar,13,19
924,quebpsergeantqhonlhbjcuajdoeqm,6,13
925,bkwwordlijyinehrpfswwpmksnbbag,4,7
926,gavlftzroelmpzbfollyqxldwhbgmx,16,20
927,cgaqayfvzdpygeneralqculripseuh,13,19
928,tvmbzvdnlxuwfddgrcomingvxqziuw,18,23
929,ubpokpldldpartyngkmebbqyfavdtj,11,15
930,uckleeonmyndckndhplayingnumzyx,18,24
931,gavgzlbdhgobeamxywarijonhcxyps,18,20
932,ohquestionedrptuzqgjoadrikcuke,3,12
933,pzhlcwqdojiijmnxyalyfxfindinga,23,29
934,slfuiwjihtmowjygkwhualsonqxuct,23,25
935,bhgwtczzeyhmxrjqscottishpkiprc,17,24
936,nhzyzhqiqqofficervscyoizvsjbqw,11,17
937,jsrzhbmikozhadthbznfwagsiehtdu,12,14
938,mjbokryqfszwzdzostnnvmbeenaygr,23,26
939,ayuhnzkilledartafismvnkpwlfjjl,7,12
940,qcqldlqbwlitmykkgsvbmhavbclatk,27,28
941,qmpqkopqxiiaubzxnexbhrochellev,22,29
942,wijnfkntxpptghadtgydjbfohoswaj,14,16
943,wcjgajipgfucikworkedotczmlwefv,15,20
944,quhardtwmdqkppnjtxwqablnycvszo,3,6
945,hidaudwxxytadjgnikblbgettingdc,22,28
946,rjqhtfzndqwwnhyhistorydcybpdig,16,22
947,xtnfojagiovlctpvlwxpktlawarsow,25,28
948,kualsrdtlongedqrvtrfdpligeyodm,9,14
949,hkizhcmcrcyymhtftgbcqbsxxqgojt,27,28
950,bdcgxsgbpoznhlasxmcpvarmyyrkdp,22,25
951,jnfkhadwcouvxrjolpayedakmebxsd,5,7
952,cqwpromisedmcvfhpoiajnlagxeejw,4,11
953,feqfsyyroundtbdiocwkpjgqmfzgoa,8,12
954,vvbqbxqxbceftmdayrpvomfxcdyewg,15,17
955,dgyvlaidcyeqssiadgtbvkzxwcphrk,6,8
956,suqnwhuoecpxfrzunderstandvdfgu,16,25
957,ejsfdqccjbdphxamdympjlladrwuck,23,25
958,ogxfmmdsrcfoolishnessudvxeneyf,11,21
959,jtymabxsyanepfwudswtzknownuaws,22,26
960,hcxljjnsttaapjgdncinthenigktxp,20,23
961,ztcbdwrdpfttjykrwdcoloneliorlf,19,25
962,nuijotdsyymgreatlyijbgkrwtlwrp,12,18
963,wfbznnemidpleasednimdzxwvkydwo,11,17
964,cnefibhihtjymysszccboheardtahd,22,26
965,akyaydlpfqohadfbzpqarbimoncedx,12,14
966,ixdhappenedvqapjadfczgquldtjkf,4,11
967,thkkbephhadlrzsyjaxmprxmaqnngh,9,11
968,wxqdrygcyjgintendedalyvqkmbekc,12,19
969,wjshhaveoehsysxtfdaojwkgnmvcqb,5,8
970,wwzibsataskedpdbzbpuscefvklhxw,9,13
971,aumwhlxdpdhcommissionysperltcm,12,21
972,hrrxlcaeqjlunpnmwrohgezcoupleo,24,29
973,vqwgzwmzjiyearsugddctxhwiywjem,11,15
974,znuxurerezdsssdlgupoldermogype,20,24
975,gohectorzuneflkpkfjawmbjihgqlo,3,8
976,ipqtwllrladdoefjmeanspoewckfet,17,21
977,exgxvfnghendjspgettinggfpxzfms,16,22
978,mtuhtwtcardinalraaufnmeuhqgwmy,8,15
979,hpartialfrklmjduqcaktvyviprlzs,2,8
980,stcsxryttohhjregimentjjnfltgvm,14,21
981,dturennemyvwcykljvctnimxfebzhb,2,8
982,jbvddlwmpfjstandsoxjqfgtvuejkv,12,17
983,vgidtwzhhighxwymfhieivpqstrhco,9,12
984,haiebwafgwkqkxisbhfeufavourkfn,22,27
985,vzbclcrxlllggjegespiteamqjnpuy,18,22
986,vfactrfnjemwxbhxzglsaublptkwqm,2,5
987,pbahjrnvwcvtzkwqwbrothercuabof,18,24
988,yobnsdqzsilpdleyzpihgducvegkdp,22,24
989,vltprwugjwbftymnumdeuphxrwgqdi,19,20
990,yomvebouillonequlxizcmckwrrsnp,6,13
991,krolzqegghoyfvfcgvvskawukwhasd,27,29
992,dwvlogumqermlohcrfkleftsxvfsng,20,23
993,tpldsizwtinwsylvsrichelieucppj,18,26
994,zrlrmjmlhlgtypkeaxjzvtqhpartyq,25,29
995,mlmlfbwmhcwuregardedqhefdltims,13,20
996,hxqdyenemywivxcfxdlcbotpapoira,6,10
997,okyilnfngvvnnqkszsqcommissiong,20,29
998,fjqwnhmwjscddwcyjrwsignedahxmw,20,25
999,whezfeofficersbugoirtesdmpdljq,7,14
1000,mhotypnregimentfyplvzncodiaafq,8,15
1001,hygzcttaeerxfpttnvftonightzqpo,20,26
1002,znnayrejoicekflkjlbtsbrzvypwng,6,12
1003,irwmrgpvmrrzlzjxtvyfatherqencm,20,25
1004,ypxlpfbavtfmhfvwwixbdivsonuvms,24,26
1005,uhasdmeocfzqjwrtqknueyfgplmgko,2,4
1006,kuamupweezqbmetfeljnhixzmepgjr,13,15
1007,otlrlxmxhkesrgoodckjodhtgunfli,14,17
1008,pqclpglzkdltmfortunerhzcgixywo,14,20
1009,plqgiplassuredlyxdujclhuzknwxs,8,16
1010,cebnlyfhavekiepdmnzwsyjugfvwsh,8,11
1011,qzwqzfrntpqlenteredetwpowcxili,13,19
1012,ylqgpcmkmpcvarmydnzyetzakwcvms,13,16
1013,pzypxwqwxjauspiceswbibevsmkhlq,11,18
1014,xaturennemauwjfvnoerfxevkbwirc,3,9
1015,wfnwhavegrpnytydsxsebtzgamcqrv,5,8
1016,xuslforwardtbzljawqbmysongpdhm,5,11
1017,rzglvassistcrbdrmvmftdsfuahjep,6,11
1018,wzktztmfjafetakgcxkctoyssonxfr,25,27
1019,ghsmkcvpigrbrsjrnsbravenqhyazs,19,23
1020,cdplkwnxqycsoldiertpthdrcxwnvd,12,18
1021,nytyuzqpjafadaxatkilledytcrgim,18,23
1022,rwmeilovwmddactionjadxqhproyme,13,18
1023,qjirjmodjmrulezxcwnafbmqattivd,11,14
1024,nrnbncubtvqvdtiirjofficersutym,19,26
1025,lcxpodcqtboqweqpajsukoxarmyfjk,24,27
1026,nejhconcernrstxakwvbfryhicsyhb,5,11
1027,qktrjflyjiuobzlaffairszsfcnyad,16,22
1028,msoldiersomcydzthvecnpulmafkie,2,9
1029,prqtvqsupyqvmnitsawrecommandwg,22,28
1030,ednozzngqywmxpavybqcoursewvnty,20,25
1031,wzveglncrljlthregimentxoaqwhbt,15,22
1032,unhlrpykmckjhaveazpyenboxpstzu,13,16
1033,cfxmzeplpcdldgentlemenshdibscx,14,22
1034,zqiekvzxphizmitvpfgemnsiknowng,25,29
1035,zqwwhlbiscottishsnjqadgkrugvtl,9,16
1036,wwncajbysfamiliesoxgfcsvnbfhec,10,17
1037,zxodhservinglzfvnhleyewgapbgak,6,12
1038,eurfkhrankshrlsznumkkhvwmbdeuv,7,11
1039,igirqltugenjgjhaclansmeneslgid,17,24
1040,adalesosckwgjptnarmwhkzbmgxqqn,2,6
1041,kvxkthpyclinglhyteeyuvqovpaqow,9,13
1042,xczebezjcountrymenltvpwwjidebk,9,18
1043,acethcstrangersiwienwqyhfqpour,7,15
1044,lregardsfjdilrhbrexduceboviwoj,2,7
1045,nthajpnstrangersjrjlwibdsnvfvf,8,16
1046,nkseeingawzxdekvpqdkftfhljrshq,3,8
1047,nntrizvrlscotlandhbimdpbczlvno,10,17
1048,oufrancezvjxmolbayejtldcqhxpgw,3,8
1049,sqxwdiqppzvrhavenpeuiwjoicaqsk,13,16
1050,senkrbdkbmbeenjcqgwtiqxebsudoi,11,14
1051,omqmsxalliespeyuzairmfdtnwhcsl,7,12
1052,zxcgaqxsozgoinlqueensedtrlyniq,16,20
1053,hmarywlbqcdevymutgykcozpfihhjn,2,5
1054,pxlaneznfrenchmgrgeflvimsjpubz,9,14
1055,aigjweluwbabkhmpbyvanprincessn,22,29
1056,fwdpjbxhoqscotlandlvsdjtpcbvlw,11,18
1057,bwlhaswkufgovdgpjzmvakxarfpcsb,4,6
1058,mtuxtfzhckhygwrpdsgivenfxehvzy,19,23
1059,jigguzbvrwzkgkingsazvzjcymxqrn,14,18
1060,qlhwqadafwobjoidylmenglandolwd,20,26
1061,merenglishdygphynxzqlejwlnaori,4,10
1062,xdgrtlyxzznmvtroopstzkamxjvels,14,19
1063,aswyabvbwoitzfoughtzniseyrysme,14,19
1064,iqlwjptomynfbilqeqwdtmssidevhb,24,27
1065,zwxeptbvqrfopnosidesrpwrviends,16,19
1066,lmvenfrkymeovhfrenchjoeysbeaib,15,20
1067,rohgxrzzfwdojzchenryralfohjsxi,16,20
1068,glvjccnavarrejxcznabqhfpveraoq,7,13
1069,ivttnrpdhspaniardsmyrpwqxnyuox,10,18
1070,xwkakpqvyoswlyhlgdbksyguisesti,23,28
1071,zjqpmssnwmblstrictpfxfwrvmclta,13,18
1072,hwrqgcrtkfwtwgmtyalliancenznhk,18,25
1073,pfmdgtqwhywptcdtcxgalikeyxtpln,20,24
1074,qdxetjnkrmbccpwdnkzenemiesrqkb,20,26
1075,gagufjnsatspaniardsgtvazywqmcg,11,19
1076,chxgknqhvogvpggctemscarceuproz,20,25
1077,mvamcwswfulrejafeelqtiuainweeu,16,19
1078,lcgnavbgstrangersyqewrgvxdunbt,9,17
1079,gixebhcqrfrenchamdvshljrtzncpf,10,15
1080,fbdeqjrlmgckftraqkdjxprincessg,22,29
1081,kkxzbrvfpnrwifexrswjsfbardufmb,12,15
1082,ebgdcecftukingjzbwhqbgayvmufnz,11,14
1083,wufcezawemtdhbrjwgcharlesgwtxs,19,25
1084,hvyjenglandfwiyrejvikuaxbvjhfa,5,11
1085,enfrancewwcpbplxnugiynyzkqouab,3,8
1086,vaeihasvauqgektcayoilcgjmxipbf,5,7
1087,auweyfoyqsvhcvkpialtogetherbep,18,27
1088,gairduwtuazforgottenromnmxhnat,12,20
1089,opalongsemrnvpxolnoqijftcteruj,4,7
1090,wwppywwarsgdgpzkspcarnywovdhvj,7,10
1091,yshognwrawkstoryiquogreoiyzhvd,12,16
1092,ftkuyxdeegwiflongecglipkdlfvgm,14,17
1093,tjofkqspainrhlipbtwugeengpxuqt,7,11
1094,hethreatensahrrmgqpwouqaomfxsl,3,11
1095,xvhzxextendnypknfwzdqjmshitogc,6,11
1096,dieyjpowerkbujahszqrjcehlmuico,6,10
1097,iopfbuboeuropefiqyoaulpgsmrvwr,9,14
1098,errxvfsxctrqtocfgllonghvvwbrth,19,22
1099,wautbulpqpwbtujremainsraglafim,16,21
1100,exosgflftkkhdkgenkgoodvwzhgljo,19,22
1101,ehafwuqfllhmwkcafriendstutrsia,17,23
1102,btpndkanlipowerkdfmnrhfupawebb,11,15
1103,lzsspainlqokcrthqduuoafginpmzj,4,8
1104,zbrokengqzblojkhavhtfliafdpqyu,2,7
1105,lqllxcvxzrquarrelsyvaenzyvixla,11,18
1106,fgbreakmsjrhofhoeplawydgubzqbt,3,7
1107,ityicyeicketbnddyzmtrustxysikv,20,24
1108,fpduffkykgngfkaffetimepmkycknl,19,22
1109,iurhzvhassuredlytreqyusavykgpn,8,16
1110,tnpbregimentihqgvultpbznbponym,5,12
1111,ecsfightimhyozlwidfuafzpnxvewn,4,8
1112,vknqenemiesxmqxawgghdbpkjithuj,5,11
1113,toisgabvrifrancepnaxozeqriqtgy,11,16
1114,icaxncaupsobftnnjrefuseanifsox,18,23
1115,cbqbqdegbsnepgvjxcztwrmarchpig,23,27
1116,dqbrkrcountrymennifacqhloivque,7,16
1117,awjfyelsergeanteaikqhnjrcbszxe,8,15
1118,ooxmulvwuokmacintoshgyodsqljba,12,20
1119,juqshzwridlyknoweggrlrdhcieokq,13,16
1120,jwvxmmgpzrorlvranxiouswqixuxam,16,22
1121,pjdggetanhgjhtrlvaockyvenzipuz,5,7
1122,tvjyzqoutytcxrfbxbackcgmrfdsmh,18,21
1123,cusivwzrdesoxunjzgjzkhjjsxinnl,27,29
1124,ivtahavefotjnabgnkwtczkvwsieby,5,8
1125,qwcthmrxibusyvtbzoifuislncqmlq,10,13
1126,nhtimedhegkbudprizohryejtwxsms,3,6
1127,nnttkaczzcrdqicrbenafternoonyn,20,28
1128,hdrvholpkhcjvgreatlynybkksiewu,14,20
1129,xnqbspovwmistakenhziuogjnexwbk,10,17
1130,pqsiuwljzzgadskrtrhymcilleavek,25,29
1131,adihwwcampbellkpuhxcohitgevtzl,7,14
1132,ztueugtkmrdqugwqxsvplaceijfqte,20,24
1133,medqjtfuneaidvfkuycqspaovzzykr,7,9
1134,tbwmcmihgjcxktnjkoirjnzbmgetng,26,28
1135,lvjbdfsymwxhgldfastlhtwpuzjfmd,16,19
1136,xbsdulokzfuriousmsbtxcjpwqstqh,10,16
1137,cohhtjbmanxkmoiazrcpsnwazvydbt,8,10
1138,ydqvaamczgregimenthpldutrcpgil,11,18
1139,svgjlhueuqqxjeuwdhknewnsxarrdd,19,22
1140,iofsuowzdolfathergpbykfmxforie,12,17
1141,prfjzxxvfpvwjhdrinkinguitetczd,15,22
1142,iszmbichlrgladsoalhxrdulzmiqwj,12,14
1143,hhealthacevokmcobksyhteguxusaf,2,7
1144,btqvygspppbwtuztolgogofeuqiclp,21,22
1145,cbrxdskmnhfwxvofstomorrowfmjyl,18,25
1146,xselxfatwxwszpjkjziibarracksmo,21,28
1147,clszffposvquaqeumjqgofqgshaked,25,29
1148,hmnliyfhcfxskuwitcghandsumhuaf,20,24
1149,athavehriltrondhnbqtzadxwzskxb,3,6
1150,tzngeyazjjikboyfvnjzatxsesphbh,13,15
1151,zgxzlstayedzhbdkburpvpjszhgdyv,6,11
1152,brxxmnaccountuhovyrjmsnszbvirw,7,13
1153,hixaseeylhomctdbejsqhkjgidfwan,5,7
1154,bvjxbxrvhiscsjfrllynqkgfittedn,24,29
1155,kwienrczygffwvocjkmatterhsnjle,19,24
1156,zhasuzqytouchesxbzdkvyjhsyzvqu,9,15
1157,kzqykwlleqxvcscwhonouryozgrdrl,17,22
1158,xjrbwcfssiintnkuregimentbwurce,17,24
1159,zbzpblljgtldzntvjsonhrzvyqjmya,18,20
1160,pjxtvnfitccomradeujomsyhjdcqtl,11,17
1161,qmhvpargvnznkiyomakeyqzbkwdube,17,20
1162,bqjjgijvtegeozmqpwpfairuwktigm,20,23
1163,woewmvafyzjpgnshowkludlgjzeyqh,15,18
1164,caobjeeswuhouseholdwyphlymqvkl,11,19
1165,rpviscountbidqevcosngihcamdqor,3,10
1166,khsdnhvbefiurzybnhxezdgeneraly,23,29
1167,nfhsrsqkjoqhassgfvwzysodbjuuix,12,14
1168,qzorqjfjnjleftpwmgiujbkrctndla,11,14
1169,kubudpursewjfpqgizglmlaxdotucs,6,10
1170,zmofecfnaoxhpurposeinscwevmlzt,13,19
1171,snhqpxdjvueaccoloneliifrhbpkjw,14,20
1172,krwzkkboimrhkindlyhqcxsfyckjnn,13,18
1173,ikkeymonoezqrhthoughtmvwesojwa,15,21
1174,zmpfvbfdwgqketqladwjfelqogqibp,16,18
1175,pqhxrajydyeunkutstartzovduafwh,17,21
1176,uwhqjxilluvcooiahaspocketzuxsb,20,25
1177,awxlbhmjuzvbzceswrqzydgrfdutyr,26,29
1178,hreozkqvxemsseefgldqvihxykezpj,13,15
1179,dwbhcnqvaszzcohahaslrckmfqvbcf,17,19
1180,qfpmflnbefittingkahstbjhbaqfwm,8,16
1181,xjsmmlisyrbjanenzakjcfatherciw,22,27
1182,krlzmggraoouyofsonascfbvexrljj,16,18
1183,wdaonwfmcjwferxzbcoxnasprukyoa,21,23
1184,rkpnnvkarwsergeantxlfqfbqpvaty,11,18
1185,qzemkwyrleftciufscnzdnbqazvhlp,9,12
1186,caewapwjbcolonelfkvzmedsjqrihc,10,16
1187,wlhgtbcouhtbbcampbellbxrduqgcn,14,21
1188,aepbpwjjckqbbqrrxndgoghcugeahm,20,21
1189,ngzbkbvanteroomspbfocfgnuqqlsa,8,15
1190,cbqtqsdetquhireadywycegjqaywtr,14,18
1191,mjeighwnumopyagotlwnuuepkgjhch,15,16
1192,oicpvztdhulljwsxehalfvbfcsberf,18,21
1193,rgqpkluhourroqlpdrtvcmmbfntkhp,8,11
1194,lywnorderliespupwtvrbavdkhsmoh,4,13
1195,ivmqoyjktdespatchedbxwodzpvhun,10,19
1196,tjxwvizdeplijmabduocofficersca,21,28
1197,rvmhhbzlodgingsjsxiqvinqjxvuge,8,15
1198,wrxaohfclpidfmunmosminutesycoq,20,26
1199,zujnsassembledyfnraczpwioyshlk,6,14
1200,pnqpsqrachdgcolonelmcvbsugitae,13,19
1201,iovpqhbgxjqxntoldsazgffeiltcgo,14,17
1202,voqdphadcdlymzfaiwygtrbfokeiag,6,8
1203,nwjccujmywupyjhappenediuxrrnjh,15,22
1204,sxvmzlhcopiniongkomnbefxbrtwjh,9,15
1205,lnhqhkhpmpfrmbsrconcerneddvojj,17,25
1206,hgdojkhonourjkvhykoenblztwxpri,7,12
1207,nyfsregimentjhnjqopcimqimwoykn,5,12
1208,dxzparqsqzcmyvjseeyysccjrmjbrl,16,18
1209,tyojhglqgqkmcljhcnfxcomradejii,21,27
1210,ylslhgwykdvviaqipvhvqweksonfjy,25,27
1211,sbproperlyrpefanslxpkrgyfdihgw,3,10
1212,bmkvdbdnvjdhequippedcvbftpfqjw,13,20
1213,vmvhadcmxgdzgivkfywjtohalrhesi,4,6
1214,hxntubhrxorwydevgknownupkqhsdv,18,22
1215,wcaptainrzztpwcskwmjbxhinesrqd,2,8
1216,xgyezcfaxnydsxacampbelldkyruzl,16,23
1217,amzgreatlymyphdirgtuuqwvtjlknv,4,10
1218,hdpleasedsrfynolxrwqpmejtktdgh,3,9
1219,ooafslqcrfaknewsjzmbwepgidqqih,13,16
1220,grgmrecdissentingopalsqcmubbos,8,17
1221,vgeewwwxddovoiceaqngvroztnjmye,12,16
1222,skdgraicolonelsyvszmolkkpeafwo,8,14
1223,aaowqnejqwoopnultyproposedktgc,19,26
1224,lrtixdgxmtdazuknggeneralezcpwq,18,24
1225,xaonoqvdpxgybdnsubscriptionldj,16,27
1226,tbkaiozxvckahjcfigcshityhdaysg,26,29
1227,mkhxngfjqaqlpaynqekzyfrwlokbji,13,15
1228,rxmdqluazcaptaintrqpambxwicfzq,10,16
1229,iwkysfkjkmehvoycampbellxvamkze,16,23
1230,vmcktxatxbffriendsyzrsmccyjmbr,12,18
1231,acrlczspxinhgavesvzjbqqcztaaku,13,16
1232,prlargerlbqhanpujgtkwiwztaxpbh,3,8
1233,dcxsallgbiamountwjgezpbeiqxtiv,11,16
1234,vjpkgyqovxbugnnzhretotaleytbbx,20,24
1235,lrgopnhbzdvdqvzyamplyjpkdhxifu,17,21
1236,zidnzeisufficientyhstpdbewfkrl,8,17
1237,rgccmnkvgzbsjugrhjequipmenthfv,19,27
1238,xyoungjpgnxisyewfnuacgqlkzqerh,2,6
1239,nnzfbztydwgrlkqxoxayomanlodmsz,22,24
1240,ptokuwaqukbkaaltxwvyrzoogoodkf,25,28
1241,jsqppmbpqazvzxckfamilylssjyawo,17,22
1242,ewzjqcehbjoiningvpqxyhlvmhnbdu,10,16
1243,uotrhhxqbpjmrckszarmyuzqohyidw,18,21
1244,ydhkhhectornoqujkxyrmtwfoeimgp,6,11
1245,lcalledboorttynhmgdackziwegceb,2,7
1246,xzjfykhuifinformedixshcejzpeyi,11,18
1247,uybopnnkhazrkxekwbuxgubgzdhadg,27,29
1248,srkkrlmjorzdnpaplacedtxkqakuha,16,20
1249,twrkxiogheartilypxsiocraewuvzs,9,16
1250,xsepoyscilmbymgrcongratulatedi,17,29
1251,wcofficersvokugqxghxljauksbzyv,3,10
1252,vokogzllgreatlypbdnfiwzierszpe,9,15
1253,nnfjpudhqgeqyspmxzhxwaffectedk,22,29
1254,mndhblrjznuukzaakindnessszaceu,17,24
1255,hvjzlvbbproofutkxeiqaserhddtpy,9,13
1256,rjdspmkbfrwmxhqkestimationxwxd,17,26
1257,uhflujumkyfatherwlstxywyhmplsn,11,16
1258,vjaftxpdzrhmeojulbulacqhadevfg,24,26
1259,sminvuillbeenwrpnmrxzutjhaixvp,10,13
1260,nvtaczaixsdctjlirheldgiwvovuha,18,21
1261,hwvcqkipcdgcljhadkpzkdlvzucmxb,15,17
1262,pdsvhfpxdpblbhqevbxpintendedfj,21,28
1263,mpncolonelbnrhxwldojuqrzgdfoap,4,10
1264,utopgnzsuupknvtwnilrtimewqrzzj,21,24
1265,zchenteringzdfwvgkreouyskxbjti,4,11
1266,ppiewotdtkzzehaquqjgzrksarmypt,25,28
1267,fbwyagplqdualusjnfgqhyfelthijz,23,26
1268,oyoxcwxbsdiscreditfsphwxnkguev,10,18
1269,winbimxfzbxnjixhregimentbpunwd,17,24
1270,wmsknweqqgoqfgnoahtjpkbskuzlxu,10,11
1271,cvylsgqiddxlmlayyzaeworldwgkth,21,25
1272,xjehrouhfsgrhuequipmentolzhrmp,15,23
1273,lluzxnphvbuscottishodcgsshecmt,12,19
1274,iclkssqkmfjzrdyregentlemanigrw,18,26
1275,hlfkhavedmlzvoqhhovbcebgwixwit,5,8
1276,rmzqlaxfhuehxdixpccaptainnmmcs,19,25
1277,pxndithbmackenzielkzlvtbicdnpf,9,17
1278,xemfnsrocaptaincoiuzkdbnxrqmgv,9,15
1279,kjgvpchomemmqvjzexwcfuiyvwdyit,7,10
1280,fgbdyaskzcelbzyhgmekpivdhcpqqg,6,8
1281,xmcuuhrauewgdncsvynpezacthcrzq,23,25
1282,tzkkobjmhqphmtfurnishersjrjdht,15,24
1283,pwqfadcknowzywseblrtcjryqaflag,8,11
1284,zfucbzyhzzitrequiredjybvewfoki,13,20
1285,hbqrbpaizijqryoungeparldpjgxvm,14,18
1286,boyzbdionhhkofficerswiabgzjbxf,13,19
1287,kurplgzoppugknsmstaffcuxevdrwf,17,21
1288,dceopbaybsgeneralexblmyukqtpzv,11,17
1289,pzpzghfdugviscountxzomprfaulsm,11,18
1290,ocajidjssdtadeerwfeturennetxur,20,26
1291,aqlurcvjibyeneubycalledgqimibp,18,23
1292,bdgqhnoehtpaccompanytixrznlkfj,12,20
1293,pcourtodnlwucvdkvuhkjxmftihsye,2,6
1294,kjwsobyjnaspbdiddiscreditodkpw,17,25
1295,rtuswaakrpmsctuycewcourseqsqkw,20,25
1296,lwxgidmhggccchaveflaxpmawcxvwt,14,17
1297,hxwauxkvclotheswmxqajgvbiitzap,9,15
1298,lgyijdbricampaignairdzjmgnsuvy,10,17
1299,gxdarmsowgfpjlhkqhszbspdiqkzir,4,7
1300,xafhrhaveucynjbmrtkcqfzzgiedhs,6,9
1301,hodbuwmtrdbaklvrxophkkeptcpaow,22,25
1302,dskrmdcdhpgnxofatherqhicplmjvm,15,20
1303,dkjamkrjsgmxrmsczvdgswordirzqx,21,25
1304,bxvlnpistolspqapqlscimuxiasuok,6,12
1305,fmkxchzbdseeqrkbtiemcanxlbhwfr,10,12
1306,nwtailorsebuyxgyhmhvmtedwpqnla,3,9
1307,bpoicipaundertaketxjwuctlaqbwm,9,17
1308,vchuabgetzqtvszyeipmtopdccuyrb,7,9
1309,zikowxjwewrclothesdeunzmvpwucz,12,18
1310,nmgynuovlvoklpannbreadyfpihpqx,19,23
1311,ociwzzrpquicklyngdtavwlmsdfsxm,9,15
1312,jaccompanyisrthqkrmzjnzevoapkw,2,10
1313,aggjwpsraturennejpdxxunlmgefph,10,16
1314,fmoissaitalyyskibcjubnohoxkrsz,8,12
1315,vskbuuoqfccdaysyfixofkpqgdazzd,12,15
1316,hpdvxtoycmpyrcdsuitxwbbenvdogn,16,19
1317,usjgycgphfwvtlfinishedwuzxrnlf,15,22
1318,jkwfugfhbxciiztndaysbpjssdvaxl,17,20
1319,nspbptwaituznsaoriyqgbpwoqhurz,7,10
1320,fbsttlqpwdobvvwaijturennejkifa,19,25
1321,ekstayingqdnxomwiulzcfbsigfhom,3,9
1322,ytlvhqdkpsfphotelxgamihdfysygq,13,17
1323,xmqolwxducjwfwrxavdbpuztskhift,8,10
1324,pfpdeffblbtewsqckdorhjyxncamsr,4,5
1325,gfaobouillonhcuvndzuktbbrfopwn,5,12
1326,retjrieqpjqxpossiblyfloiltuwzv,13,20
1327,feyrunueihfedpresentedbdlfnsey,14,22
1328,vlyjirluekuncardinaluexhfuszxy,13,20
1329,kkrgmhaleshblnmbphkunfntheiolk,23,26
1330,pplawsafczxqncmffmowoqdressujz,23,27
1331,tanhehhhqexkybrdjfrenchvypcuha,18,23
1332,kgviyijhpieqodegentlemanmnrkxg,16,24
1333,ufkauawggwuddlzdmdreignpcqfwhm,19,23
1334,fpdlouiswbxilnwzdgaymzkfhtcdjq,4,8
1335,ycwjjfzvuddpxgmxxiiikfznplbnsi,17,20
1336,yiaqdnydkailxefdplzsbdifferedp,22,29
1337,cfbqdgicympnkioslightlylhobccj,16,23
1338,mjznuswfrutaedpukwnxwornpkvyit,21,24
1339,uftzxoqyilinwdeztqltptimelwjre,22,25
1340,tozgmcjcavalierstzqbxqihvdadpm,8,16
1341,kynckylmxhcharleslmrtjxzqxduyv,11,17
1342,oymaumoconsistedlpntgmxyvtcgru,8,16
1343,wkkaktgriezxhgxysloosejynjkazb,18,22
1344,mdbzfnxlfqpucloakdwhykcbrdxvsb,13,17
1345,qvonfhwpclothwknfueiqcaavbtzrh,9,13
1346,wfzyyujthdcsilkepcqbysuxhxiatp,12,15
1347,ylcasirqwjmectuqyxmijbmdsatins,25,29
1348,dlzsomcnmhfulbvelvetjzhvqxsxou,15,20
1349,pqzbcpgbqoccasionacjcdrivgbzqs,10,17
1350,ptyokkhleypswealthbipxmutorkhv,13,18
1351,lzvfslowfwearerhrylvxksviqhart,10,15
1352,vmlmmfepwoghvrpmhyfzgenerallyv,21,29
1353,xxiutzokianhungrojyilrfmoepwqk,12,15
1354,jlhmsclgwydlyjlooselyxsuwhiwmv,15,21
1355,zjbbruupmgeoaufyshoulderskdcnp,17,25
1356,zftopivmncbkrlxfcjqedklytmzsyz,3,5
1357,ybselgdubuttonslcrbmgnvahgyxlk,9,15
1358,dbshwfxowofastenedbjyilsteifqy,11,18
1359,vjavjocczkajqkolssleeveswhtqoj,18,24
1360,rkpppmzidenigfloosezcebahhaixr,15,19
1361,wbsythrhldogkjpbexmewdyiopenpt,25,28
1362,mwelbownjilkfqgomraudghxsbjuva,3,7
1363,aqbyefvtayhiacloakjxvopmbwdhpu,14,18
1364,yfzorsrichlykwnxhkjvdxszfgavzm,7,12
1365,igsfbjcrygrwmkxbeembroideredwo,18,28
1366,oaeuaezomnqunlhysvopfellvnrbtf,21,24
1367,lbxtciqqxsiaofpmpvppcfcollarrl,23,28
1368,ggzcvuxynxhkcuzqxdiryrichonedx,22,25
1369,ffbuzxkopfqeyvitlrzjafdodlaced,26,29
1370,cyhjufnvanolqauvpzpkkvandykehp,22,28
1371,thptvfborderroiylomwcemdfnbcvg,7,12
1372,qcszkqiqxunmcbeneathotmkuivjlr,14,20
1373,pqvpgczhxjwxdjtwornyqlnaoliogz,16,19
1374,fuofrxbtshortrkegxcupcymndtwjz,9,13
1375,xmcxvzpbfgqjvznrlvsjvtightlyvc,22,28
1376,igakerovfxcmlsrrxfittedfawihny,18,23
1377,bvgurjfurcmtkfbawdoubletvcabxi,18,24
1378,ympuvecgolzcembroideredwvkhdcf,13,23
1379,sefrontnnublieakudottpghiymsmx,3,7
1380,npuffedeqidzsxounvhsbypgnbuzwl,2,7
1381,vsleevessjtsgawlhzoipefvrbxord,2,8
1382,lcpmrgubeltxqkudcuapierfrsqtmv,8,11
1383,ygbbgsashsqpcchnlzywgoiekdenyl,6,9
1384,jzocnuuhhroundnocejvaqblbofltq,10,14
1385,rnyhchutpahiswaistjbsvcgoudyor,14,18
1386,bwtzfgungzvbbreechesjpdkjdvmpf,13,20
1387,xtsypoqiexltvplgefullabfjqrnow,18,21
1388,qterreachingljpmvqoggjpsuwtacd,5,12
1389,guclgakpywpkodpwqcbpukneeyupnh,22,25
1390,ijvezuqcbfwalkingvrmmivqjegfgc,11,17
1391,aridinghysudtrelnosnwjaiiaoqvq,2,7
1392,bezuhapytprowrcgrcyjlooseeqwsr,21,25
1393,htlzqovhyazitsjlovecyhighvhpam,22,25
1394,iqkwfdbcgfkpcfbocobootsdcttham,19,23
1395,jwxrmvponcuturnedbpafepnrihowb,12,17
1396,qpyzrrcwjeudtoplzbcacszsbxquwt,13,15
1397,fsebtrimmedzbpkviyudjnsqtgztxp,5,11
1398,cbkghsesmtcrwjivyyofeolaceahpy,23,26
1399,yvtdnwsirqsfftfrillingsqluswmx,15,23
1400,gxnbadqyezwwmnalnjjoinedcwqupm,19,24
1401,eubreechesariljdmnpyvbkmbhvycf,3,10
1402,yjboucourtxsbtougnzvaofrrwqpny,6,10
1403,exivokmnshmgelgbqehjcdressstvf,22,26
1404,uhdsdjefhrrghsilktepfoqbdjimyg,14,17
1405,fovleneugstockingsyxrmcleqgngt,10,18
1406,ytnqloshoesvmqxetdjutlcowifhhr,7,11
1407,kbzxwgqqrarhstgqylrosetteslenc,19,26
1408,ofzofhwwornytrkhbuxafdgwcbloqi,8,11
1409,pesxqeioxycwbnkdxtmivswordspdf,22,27
1410,tihungjkvcwufwgzjmfxqikisarbcv,3,6
1411,uikvramuopfgtomtopmwkrichlywoz,22,27
1412,ewyembroideredlaqaebbinhyxsuqm,4,14
1413,juiuysafijrnemeqkbaldrickfrron,18,25
1414,fexhuobhtbblqqyctgoingoygrsxcg,18,22
1415,rplrfmhqubnndlrspekdshoulderdk,21,28
1416,tgtmruofficerskvplbzootxlmwrfq,7,14
1417,uewregimentszbvsjkfltbwgynphdi,4,12
1418,fkdistinguishedrsyftdxiqxnmufb,3,15
1419,rbrgsthpldccolouruthjfgobcxmvy,12,17
1420,nxbvjqjpiuknlpcqkehkmuzsashesb,24,29
1421,dmbqbyptspccjhcqbrsvzlpointivw,23,27
1422,aafmifzntkfmbeskregimentalqhwf,17,26
1423,yuniformityzsmdtuabfqixwojzprj,2,11
1424,fuqvidyzuyxcampaignstuazkxbxvi,12,19
1425,mxxdoubletsjvwhbmsuthlcdykjipv,4,11
1426,oowduavwauubgxkxlwornqnihqvywa,18,21
1427,gvxtthickfjmzwveutlxratmpoqlxj,5,9
1428,acbbuffibxymthcznvrkxwfnehqdsr,4,7
1429,chbhrpyqnbrkdcholeatherjhedgay,17,23
1430,lqpfzarmourhplgkvwxeqsnzbygmbn,6,11
1431,blvocumbrousauypkconplbjvcfjgk,5,12
1432,xxfqcfazxzcjahadznrquaximdloky,14,16
1433,vtmwnxpcqjyjbeentvsulspzghjnve,13,16
1434,bgdmvjeqdhconsistingwqfeietaws,11,20
1435,fpartrisawvmjfqkxwoogjgzucndxh,2,5
1436,rhfsolelyyesftjcotgepbnihrdakh,4,9
1437,sgmzfhgdshouldersproymlikmeqgs,9,16
1438,mlxkpiecescwabvipnrcfgpketdsoj,5,10
1439,nanzulcuirassohupcmjpezgagjvtb,7,13
1440,vrnxdegmmtplatestwzvwydzopekoh,11,16
1441,jcoveringtkklbcagvevzcprwzinmx,2,9
1442,oxswhupperhblztygrzrjksiqnldca,6,10
1443,gojewynffjmppartvkopufeqftomzg,13,16
1444,iarmjfzbsnnphwbeajaizigdpguhwy,2,4
1445,kqthickqiivcbacesbwyoqrsndfkml,3,7
1446,cozugyguvbupnezkjenohvibuffjns,24,27
1447,fxcxxspnleatherthvlubfyxmcddaw,9,15
1448,rlgauntletszqeofawivnhzxcijrts,3,11
1449,selgoxzkundclpgtklconsideredeq,19,28
1450,hildzyofsufficientrizdjhalwypx,9,18
1451,ckrosxtprotectionoxjxhbylsddvp,8,17
1452,rejexairqpxvxzejwelbowhruopsyc,18,22
1453,hivvfdhwzibowbmsuitstfungdhrza,16,20
1454,jukhlegorderedwtaszmgvlwyfohxj,8,14
1455,zolxhgvfrhectorujvrcftnkxjogga,10,15
1456,ircourtuwlgzbmhpgfphylroebvfqo,3,7
1457,zewhregeneralibjyqshdnukhbwzef,7,13
1458,xteulomfparisixhgebmolwdrxsyzy,9,13
1459,atjcykxfaykwevaxglargeptjpuwfx,18,22
1460,ufbugoqvoaztownssrnazwkwuxbhle,12,16
1461,zmrceetravellingldjniyeslpfrzu,7,16
1462,lxcdbiflggattendanceiyazowpufx,11,20
1463,llodaqriyfdgenerallxousrepajng,12,18
1464,maezfourthfiyybmaolszqghuwtjxc,5,10
1465,jvobactualvsrcepwmotizyjtnjhaf,5,10
1466,vhpkjabxzcdrodvserviceybwdksmz,16,22
1467,wvriibddpbzlitsfieldtwsarrosiy,16,20
1468,ttpizhhexpensiveyzzqsvdrivpeun,8,16
1469,cesuitsdfbuhoeyzzoqhlnlsidanwp,3,7
1470,ogyuogtroqshirtsregmtakbfahdlo,11,16
1471,cisuztmjdbeelicdeepjgeklnlckwf,16,19
1472,ylacerpnhjsbqhscoavtldkegkimcm,2,5
1473,nsbldgtcollarsawjolptibsqydpns,8,14
1474,pkjvrufflerfqtpkghsluzhlxbjoau,5,10
1475,zwcsunbihpjtzhanserviceyosjgaj,17,23
1476,yffieldeukhtfnabjfugmxdoynlrqw,3,7
1477,usovmfehalfezegbjozmluqkqdnpip,8,11
1478,xtgopzyicwmykdozendtmzwsibtmbg,14,18
1479,pppktidebcsoplainvvuxiqmkfwnpc,13,17
1480,jtugfomnthwfqxzrwbpshirtsxugim,20,25
1481,xbkolzqpqhtldrqtpurchasedlhewl,17,25
1482,bfbggyswbfttvnilgnheaddressxoa,19,27
1483,maqjbbpordinaryrbpgreokfddunvv,8,15
1484,rdgxazwfoccasionsmkqqvdorjrayw,9,17
1485,vzhsqntjiydlfssokudbroadvrjsgn,20,24
1486,palyhpbtxylgkeamqbeavercijczym,18,23
1487,tjouvtvhatuoeykzunsnhgxmbsicwv,8,10
1488,lofpfycxibcuplumestbygwfwoctqi,13,18
1489,emitqvlfielduonsuzcfypatetphkk,8,12
1490,tluiicloseycfhkyneleujmohvtzxz,6,10
1491,warpvgtfittingbxgdtyftnwpjlcui,8,14
1492,chykhelmetrckwesniqdceophixnyl,5,10
1493,ubvquvzspyrokkfdcheekcnaqlufxt,17,21
1494,vovsfrvqupffuqbckfaxsnpiecesmd,23,28
1495,qiewcqovdfeaojvfnxoubvisorsquw,22,27
1496,mkohadkjmsrblpahdkirzebqnucuyv,4,6
1497,mhaqertftdxlgtrozjnmbeenqnibgq,21,24
1498,xypisangtqygivenwrctkibsdfjgmt,12,16
1499,hiicfspnboyqaaafdayzyponxcanqj,17,19
1500,jiqvmhectortxrsfucvzkrdoydnhbm,6,11
1501,vczmpresentedwkkjngxcqeylngjuh,5,13
1502,akonklccddxfqwappointedgmnipwo,15,23
1503,nrryupycctmhourgimvsnzfljeshow,12,15
1504,raxwwwzmyaenhotelueyogpuydibtf,13,17
1505,rgfemugvtwlidpxuyduchfzgemsdxp,18,20
1506,qbmfixtobidezsnjdciitsbmlguprq,11,12
1507,vtduecjmcnjteebouillonktrnrlvp,15,22
1508,evpzoshysgiccyqvdressedjycpahw,17,23
1509,fbvqiljcostumesgnzoakrtxqcwmva,8,15
1510,etzcuworemyickzvatanhljtforzrb,6,9
1511,vvbrzhldsdxnufylmjwewubtimescq,24,27
1512,wfatheriyhxcvqsmodlhglsjyvftoi,2,7
1513,mnbpswordmdgmquxcjndrwopazyieq,5,9
1514,iazktrbhallvwjlimujiwlgmdatxyq,8,11
1515,dqlfvmnumbersqkhtdvzklbuwbjrfe,7,13
1516,qyewuratndwtsigrsoldiersuqsetn,17,24
1517,wkliawuxmptaschnvyclackeysivyw,20,26
1518,gnkzumdhhgytfkkhseefetyvvmwxbj,17,19
1519,pxazygjbfqeycviscountyzbvtypsw,14,21
1520,dcsiqijvhdrkhiqturennemqzjgjno,16,22
1521,nmzjnuudvfyhgkfuaappointmentpu,18,28
1522,lpvhzevdwqxwhklackeyzwdubfwpav,15,20
1523,qdwdzcqwmluryagledwmuhztroiddu,16,18
1524,ldvcnssasfxsswkcyfumbzalargedf,24,28
1525,sjgfbchamberpdreyghwneuyvsrwhu,6,12
1526,ejwgphhwnnnznhmgeofficersppsnk,18,25
1527,gylucsgentlemenvrfahqldpksxpjn,7,15
1528,svelnyywaitingumbldpschwzgenjk,8,14
1529,yapuxvjcvrzwzfocwhnqhectorhdmi,21,26
1530,hupibadsdaffudbvvimmpdoljgaves,26,29
1531,kpchamberlainyjfqieagwociwqlon,3,13
1532,bziotookzpbmqxncrgofelngvbsdpi,5,8
1533,orklpilsggxapartmentaayleiqqwc,12,20
1534,dpmwyunwaitedachtnkmbvrsgfcwbu,8,13
1535,ypxorxdsruhalfbuzmggjqrikwedhp,11,14
1536,vxtrybgohourfpyqjniomawmwbjkcl,9,12
1537,qhxqzddazhubuuobservedwrymjtko,15,22
1538,skgxlitlpblhncuzdrltofficersee,21,28
1539,cutlmqnbqtnootadnxilgmnstroomg,26,29
1540,dkziekuledhqsflackeyvzmsrpjuhe,15,20
1541,yhadyoxiihtuakeujzvldjmgwtzbso,2,4
1542,zlctgydnzlgfywcarriedblhaucujf,15,21
1543,urizmpwlnzcddjucunoblesmsehwai,18,23
1544,bynfhrwlwrpdvunkizpgentlemensr,20,28
1545,eooznumerousfpxmviljqfqctolbsh,5,12
1546,qkysroyshownqsvpstphfkvoaxdmnk,8,12
1547,kidoniilniduevidentlymbdwretcq,13,21
1548,eslriattccjghqgtprincipalpfydz,17,25
1549,xsnzwnptjqjbqpbreceptionlzxamf,16,24
1550,kroomencrvnsipjbdwwxpvchxftrul,2,5
1551,xaewjsuiklgplsrrlpctdwguessedg,23,29
1552,ssyvlxlopovokuohfducxwoaaubjpk,18,20
1553,dadeniuovmgfoqjzywekzpxyrwvljb,3,4
1554,knvcihuosrabohjycbouillonpqwox,18,25
1555,igtsxgcqxhvahjreceivinglmrnhwi,15,23
1556,ssdzklwfahngwvevisitorsrdexiip,16,23
1557,fqribginbrothersiulsyicdfzxgpr,9,15
1558,gdengagedsgiexsehpdhfaotkwrqmq,3,9
1559,txwrskblvgivingzofcglitedjbqps,10,15
1560,nvlrixinterviewsraozqaocpbwtud,7,16
1561,jgchtitublxofficerswurnjxeamef,12,19
1562,plcfyjbebtxntlegmixwrdesiredit,22,28
1563,frappointmentsrmhdeihvtjdjgagy,3,14
1564,dmaoxqatnxndjlnegddvegzqsarmyp,26,29
1565,xwmzfxcarrangingflrmtnbdjqczun,8,16
1566,crbigwaldukiaqwzdetailsskihcjq,17,23
1567,bcfwajakwlgsitoniphystoreshibm,21,26
1568,ezqawhpzzgbuarmsepjizfmhzybdml,13,16
1569,nlzwngwagcpaohrxtnammunitionxu,19,28
1570,qkepenzfimihjfirequirediyamlds,16,23
1571,rzcdsvlrryatajqjlwvqjapturnayf,24,27
1572,myfswbvboxbfvygggcallednvlwbyz,18,23
1573,sgoouyjfollowedjghmrrsflxbhzfl,8,15
1574,pousherxewobaimlevsymcrinzktjp,3,7
1575,dklmxoyxhtvqkxgxvtykjsmallzajy,22,26
1576,molxapartmentyrwjanqtmslbbupku,5,13
1577,ftohevexturennefxcnzuieazjndho,9,15
1578,mhcmdeeubahuakkucsittingjhzhop,18,24
1579,ggwdbelendpeycikrxtablefdkxirb,19,23
1580,zoeaqazpinoftjlrsgcoveredshtgm,19,25
1581,einlettersbdtzqcvghbesafxnlcvw,4,10
1582,nozzncgcxqvtbrhtmjmregeneralhr,22,28
1583,wenucysaloilookedrrikqpvtomxye,12,17
1584,meoxmmgsblemsiyjcriticallyekpn,17,26
1585,atxdpdfkfwedihmgumakelgusbjorj,18,21
1586,hiagoodlidltccfydjhgzyiwmunneo,4,7
1587,uzapmnyanktawumdwfigurezogrmqg,18,23
1588,jmfzcjnvwivagekmdjoclcieltufnt,12,14
1589,rijddkqoqxkmvoweaklyhzjoewyrck,15,20
1590,uvbxpwyfocdadavrvckdazkgrownwv,24,28
1591,zucxtwstrongvuahmzalgtwqnhdkng,7,12
1592,eyxfbmiyeqdctexercisesuczhyutf,14,22
1593,nqhaveizhbzcooudbsnxaxarjkfepr,3,6
1594,xcneglectedmhnvrszmkidgoblgvwe,3,11
1595,bswordkodfirkgvgmhnxepwitqylfs,2,6
1596,djsdneyesohuachfrjntyxildqwqza,6,9
1597,xcgjfellawhghutfivukcozzpibles,5,8
1598,dcucxwatrihqahhpxibnggeneralfl,22,28
1599,dvmzyjhdgbvivjdhavecuywjvfadix,16,19
1600,kfdqfmbqntheiscrpractisednypsf,17,25
1601,zinatxpushourszrslihucohpmnwte,10,14
1602,xzmyzhrrijmpdayrhtoxcdrdasqmfh,13,15
1603,cxywgdcevbuetenthnylotvezpgufs,13,15
1604,enbrkpfhmbxvoconrmzayearsulsjz,21,25
1605,ffqhvxoafabsoldiertwbodcipsdzm,12,18
1606,ilzowtpnqrbrwnqjuregimentfmsak,18,25
1607,fuegnbhwjpqvqvbhasodyhotpegasr,16,18
1608,ujcokhwfnzzimgjboiaiwbtnjbeenj,26,29
1609,owqoodxtobwbfsuinstructorqjgnv,16,25
1610,wfeyzajturnazylugrqutnsxbqrdkf,8,11
1611,noowmaitreqxoohjfckzsxwpcettnd,5,10
1612,kjihcnazrlxabxysvpaualarmesfjm,23,27
1613,jwfsbbebsqiyocgbnrhregimentvbr,20,27
1614,hwqagaveidbtcwnzkxsqqymiehdkmt,5,8
1615,kxdzsxeyddhcejzyglessonsbafdeg,18,24
1616,vnwstisykmmdzjfoweekiweyscdijl,17,20
1617,nmjnvgbiymexummybgshavedvzkxzc,20,23
1618,cukpjmanagedkhqfvbiwvsxogonyje,6,12
1619,aasdsxyqgogjwduybnubusinessoxd,20,27
1620,yviscountnvwpxbprxvybkzudhjmwo,2,9
1621,hecardinalndmphlzajyvnoerxabzq,3,10
1622,yannyesterdaywfbljnecuvteidzhu,5,13
1623,slxquuwdzdhxrsvaskedfwlshpeetr,16,20
1624,srfdvcpimodnjbdvcommissionqoxu,17,26
1625,ypegwyiqpasimplyryadkructvibpz,11,16
1626,tbxjpzppyicqpjiraskedgcslwlbri,17,21
1627,ovmhaytoibiwxsmzuudphregimenta,22,29
1628,laoprbdvkphnkmnirpresentpkobnx,18,24
1629,tnllaqhqfwwintendedhxjgbewshlv,12,19
1630,hxjonlvpvbwipystyoqmltvwokeepy,26,29
1631,ykuputxugbvoavvikyzszoipersonk,24,29
1632,vlidzoxbmcbnyhkjxbgmjthoughtqv,22,28
1633,wabjoqqlmakejmjycoqxirbsocvyvk,9,12
1634,rkspmmfvhopvqpppqbuyciugoodwjn,24,27
1635,qxweqgofficerjrzbneltivfmxrukn,7,13
1636,xpnqvaryojgwkkdzfdqvmunsnldayz,27,29
1637,mamabvnbkpbavisrcreditwwnloszt,17,22
1638,etdgihkblldzqskivslftjkbusywct,24,27
1639,swqzerfxqjtfvtpbzxitubiqtimevm,25,28
1640,bzbnnbosimplygaoxzjkzvpuknpffc,8,13
1641,crsfxlqunotysignedatqgrcemmtxj,13,18
1642,vaawlappointmentglmstrqumkrwhj,6,16
1643,kdugrzrbiyjxwbcsghllieutenants,20,29
1644,edsfmpulnihliidsdsdqiqygavesdx,24,27
1645,jksrzfillkehikurtvzmlanqmdilws,6,9
1646,dgypoglyvaskedpfmsxaymacgjvddv,10,14
1647,skrbkbqbringohitpmckbevlyhwjmk,8,12
1648,tncsuwvleveeheghbfxjtqimmnxdac,8,12
1649,gtomorrowcdvyiokbrhuqgolyulrjn,2,9
1650,ztwfbhtjmdxltodjooggoccasionae,21,28
1651,vqiziclcwowqvdvkmxwviscountqoj,20,27
1652,wamnkgnhaveehwvzbaiztrvxkaniyg,8,11
1653,fvzdvdkrasyplentyayisbtbwplmed,12,17
1654,gkxpihandsyprmqzbwbvioonkmyxki,6,10
1655,hwastezlfybxecdsugcasorvkhkbua,2,6
1656,evpqphtimedkovsaetrzucpdxcszbh,7,10
1657,fdccfilthqyoungfgjnpfozvehksve,11,15
1658,evlieutenantszzslovkfyihxtmhdt,3,13
1659,ncpdtstibnpresentmrwshzmesncyv,11,17
1660,llrkugreturnloxbcqkbiqhzlyxiuw,7,12
1661,ojvtgctqsjjnckmtrsnygzuwarcovs,24,26
1662,ajzxiwlkecrvnmudpwrknownxgcnbm,20,23
1663,ncardinalsvonpqwajtlwrxbehcyzd,2,9
1664,galtsightsrxgmicajtzmotfwybqpu,5,9
1665,squmedorcsupposeewnmlmlxzfjpsc,10,16
1666,kbftfzfgeneralgbwsoutrhkckcmqt,8,14
1667,ypjzjyxhavexuaofowmjxidehlcluz,8,11
1668,seqsiyiwzwdzhbseeneeutilhofwgb,15,18
1669,beasltfsizzrlbgxdorfrttimeshee,23,27
1670,lvaupglxbvjafowculwrybagreatlu,24,28
1671,raajhtrrbyqmhkdiawtymmanjweroz,22,24
1672,pwmvtsuhpbivwwquvzrgmturennefv,22,28
1673,xhafmspmcsakozdvthoughtfullytz,17,28
1674,ubbbfzrlxcgvjrspeakinggpnsbzil,15,22
1675,ikyzzozilocddubqrhectornlgtesj,18,23
1676,gfgreatestwqdftbkaydypshixioxg,3,10
1677,bfranceaurwwedeoqrvkkzxlboanfc,2,7
1678,tbyydofswjhassujekmiqpvdxhteas,11,13
1679,ajvporknownzqvukspoymhdcofgywe,7,11
1680,qhxqfopulkzsoulrmnxuazswdzcjrl,12,15
1681,vmsovquiyfrancedhnuedjsvjzcznk,10,15
1682,eeukhgecfhavecoyghxwpxocntyizv,10,13
1683,hagpovdjfrvgfppresentrhwnoskcw,15,21
1684,savgbpmlqhfumcknkzkingburgpqqn,19,22
1685,puiduwzlhwrecognizesdjiprugjxb,11,20
1686,rqzjcsknoizgreatgzplfobksqwtdt,12,16
1687,vkszdqikumeopmanhscutdxosrnaew,14,16
1688,ztcxocohrppijbvnnewiserxpktcxi,19,22
1689,mjufisuknowhoqqdfxregkvpzwwgtn,8,11
1690,ydvivfaogmizovershadowedojktzy,13,24
1691,tyycsozafiyajdyfrancetmubepykz,16,21
1692,wnlvdzcysjovlqqadjbqjogcmadekb,25,28
1693,atngreaterhyaqaunekkosggmsoprb,4,10
1694,pvocxestrongervgwvajphcornizeo,7,14
1695,ceokcpqireignxqgntuyizfembxgev,9,13
1696,nihbudgloriousaqtmnhzvyxlkgcev,7,14
1697,mxuteykrgeniuslhzzdmnnvajswhte,9,14
1698,gfmtgaxksifztbrokebiyvpyioqoqd,14,18
1699,qbugbsmileeudsqzvpgnjtifvcjywf,6,10
1700,iwnitndutalkingfdwgcfekitztrkb,9,15
1701,estsdgqxbtbloytdyvfmvkgnnrider,26,29
1702,tydspixjyhfceauovnwriustrvzeiy,23,24
1703,tmajwngdenisdezjzbjgydcnufteyu,8,12
1704,tcufwgwpklhebcrsldeclockctpwvk,20,24
1705,zqinsmdasxbsqmsoejwbalsrtodayr,25,29
1706,qxpgsxtimeizuqjdyspbedgkgwxqpj,7,10
1707,rvivvvdpylmdmtvoboowpymordermf,24,28
1708,pujweyhorsesbbdhxzciaghxoutrnw,7,11
1709,merbblitexhaoqpziyyhavenypqqrc,20,23
1710,jbmhnruewpurchasedbzugnwheyxar,10,18
1711,npqqxohfxspicznctbroughtlwpdqs,18,24
1712,mepoeecbuhicroundirgnxrxlezocs,13,17
1713,evhgktufzyubikxdtnhectornzesoq,18,24
1714,rjuavtlpncwuhpdrexpressroqnvby,17,23
1715,sbgratitudebngxhtokfijxvraehyp,3,11
1716,letqjmqdzwezikxsgeneralbynwsax,17,23
1717,povymowknqstoppedvozscwkegvywo,11,17
1718,twhsjyozsrhjvstnperceivedasbmc,17,25
1719,sktrllklkzkdegqjcqvkxbjardourf,24,29
1720,gyuhavewrjqftlkdbsaefnclpcyxjo,4,7
1721,lffkckzemstudiedmkieaygqzczbsw,10,16
1722,fxqkivlhxwbrjklkmilitarykkbcfh,17,24
1723,trmattersaibiwfufozphnmvlbkyur,3,9
1724,numioffuukckltexramakemvgthntf,19,22
1725,guwxfcrccuqgoodnpzfecadobdkqwt,12,15
1726,mutwgyrkyuofficerpbsyzpknqyflu,11,17
1727,dtokiqelzxpkvoremindihfjypgren,15,20
1728,pisujboyhoodeecflkugyzwnpoimmi,6,12
1729,fnwgwsizvwkwforwardwpaxpwrufcu,13,19
1730,hekgkjawddyxxofficerskheqowabu,14,21
1731,zyaiqezaakqcdodigvkseemtduepra,20,22
1732,jrtbhuduptyxkqfdtikoacareadyvk,24,28
1733,adlcuitdfactualcoexigvlutpfyrc,10,15
1734,xocpddbmmbusinessbfemazgvlhrrq,10,17
1735,atsmappnwtkpsrpgoawxuczvrtvjzn,16,17
1736,lbgzbvajmjjvxaorderfiszemxrrgp,15,19
1737,eredxwmehacquirejwhmkdjcnsyaop,10,16
1738,bsdhwmbknowledgefugxumnolhtmjg,8,16
1739,lodhaximdoubtypxoajhvbdoziqrub,9,13
1740,iyqvizmlxiopunxniqfinddwptofvx,19,22
1741,uainowokjzjabskfrememberfoxavo,17,24
1742,kkfnbdynurvnfmnladucspjttyxpql,16,18
1743,mxmelongerwsrtprqlnmxdvbfznkjs,5,10
1744,opjkrcivilianiulbxdzwbthiyerwj,6,13
1745,mqywcylvtiwtqbhrasoldierlayjvm,18,24
1746,nstcpdhfkdfohqciobedientpgvoue,17,24
1747,dqrgwyvpthrespectfultoeutwskbq,11,20
1748,jxewzfudsrankniyjckuxptxwmgasj,10,13
1749,rexjuudiscretionwdrtexmidtcyjq,7,16
1750,cooecouragefjoemongtlcpdvqvsqd,5,11
1751,xywsuccessspnifmhknutzajvglfdc,4,10
1752,iyjdmxemahthoughtfulbmguobunwx,11,20
1753,lpqrtpteinfcomfortpufypqxecwdb,12,18
1754,hycedxvnopoqssoldiersvutpmfajc,14,21
1755,ywsfhbtrgzknsstszreadymcypyenx,18,22
1756,eltgnmboexposedsxirlbeugdbnmvj,9,14
1757,jzqdynbuneesqflifearknlxogsmfe,15,18
1758,cgnbepdcdbpskmkgfcapbattleupgn,21,26
1759,cebpyrrjudyfvkvqyencourageofkc,18,26
1760,jhzhsdnfnesetapdtphsoybgnqdemu,11,13
1761,labaulvgendurancejuxkwxvegaovp,9,17
1762,ivrlcheerfulnessoxwvgjzlpvnjng,5,16
1763,vctotgooddbxuuaizdojngkhnvswip,6,9
1764,pspukwxdzjbcmhgjktjuaspiritszt,22,28
1765,kdpzeuspmtcybqvyxketimeszpaqcf,20,24
1766,byjtutogdyhardshiphpzvrmwinpcg,11,18
1767,ggazgaqltbglkfaeknordistressap,21,28
1768,bjnetpdlremembermwplfyhjadjbci,9,16
1769,vteolkbqayhtzsoldierbwuvyhemuo,14,20
1770,kfckvhqjhvgbgqyjlmwhsthingseoi,22,26
1771,cwdlbtexcspartyefdgnujmfvdlprs,11,15
1772,pntncpavbfightspsytoybjhlcoruu,10,15
1773,afrancezlujcyosgdbnmhvlvrpunce,2,7
1774,drgwzfrancejawnhqdglovikzenetx,6,11
1775,zjzerdebzfholdvyhqmgoxasspokrm,11,14
1776,kcmpofgqcassaloofmehjebfapkmqo,13,17
1777,uftxcyqmddigrkopgksmallestraxl,19,26
1778,lcjdldgeecomsexpressionqacnzen,14,23
1779,oolrfjqscebvlkopinionhfvtcjbdn,15,21
1780,beecyahxrzkbtdxpoliticalaawyel,16,24
1781,cmgmatterscbnkaowbdjqwopzhmtyp,4,10
1782,hqaqhaclockdvnnqymqgjjtwkptiuc,7,11
1783,elqhmevetielnhectoruluxicystxp,13,19
1784,afwjithfkxjvbowedxoveaqhsjiuge,13,17
1785,oodeeplyrktdmkwnuoqlxfycgpyjhz,3,8
1786,vaouybjleftvhpnxwomiabumtforin,8,11
1787,fckzuwsgwunncbrroomvxnszlfifhe,16,19
1788,mhreturnedapfbtjocopmlhdvgmukd,3,10
1789,ryfeopnizhnqnghotelbsvmkizuerx,15,19
1790,gnuzclockhdmankbvanzjpwkifgogr,5,9
1791,pdujseggafsgroomsxusramtllfpck,12,17
1792,nacfvuoudwbstandingbrqniwkcmdt,12,19
1793,pymepiyqkhorseserawwcmxujzhnyn,10,15
1794,gwmqiraiixkmuentranceueupjonhk,14,21
1795,awaitediqdplithdlquehjotsvnwsx,2,7
1796,dviscounteijlmkbaokxvfgucigtsx,2,9
1797,psblegravrztvbmyefollowedwwecf,18,25
1798,smhysrmznbyqiqaudknofficerspek,20,27
1799,qhalvmxgekceiplieutenantpdrkhs,15,24
1800,tvygbstdvfvqtsahfuiszyvbdeyeoy,26,28
1801,buutzargzrwozklluwyubycnzfellq,26,29
1802,wlejdbeazpyglocuhectordkewfupz,17,22
1803,famzhbegglfqyuihynfpdafraidxuf,22,27
1804,nmpunctualityyasohajtgeizvdllh,3,13
1805,ohzehmwyrbkxwvirtuesaqceepxvzz,14,20
1806,vvbtungieavunnpgentlemengdxizf,16,24
1807,kndpsooshbevoweclieutenantgzpq,17,26
1808,duzfkyzmibvauahectoridcznasleo,15,20
1809,ucampbellqcxfsujhitgbjmecevrmy,2,9
1810,wxtzceagfzmaskuzdksonrlryoxfoc,19,21
1811,epyaaysxibravemyfpuladowzszmgn,10,14
1812,ylyoofficergssyhkopgdeaatzjfce,5,11
1813,vjcqengxscottishwzvyrkmjmpqofd,9,16
1814,zaoiregimentriprxsyoaqkjvkzwvb,5,12
1815,llrypuocyidwkzhatfellqyjcnipai,18,21
1816,uitdrwttoyjammaeugvkhfoglawmhj,25,26
1817,rnzqwywniixwglrochellelyexpkhz,15,22
1818,xukasmuohojpresentfqmqyxtjorsi,12,18
1819,zfattachedhoiqvgmwudgqfmztjczu,3,10
1820,kkeczeuyyrauhouseholdxridgpwml,13,21
1821,pbotgtmheojuridekuhtsaxrpdmyxc,13,16
1822,maneiakrwgiqksitalycfdeoouqzix,15,19
1823,muvpzvgcydaymldebqpcfastilzowo,10,12
1824,mnkyxrclaskjwtxqnrztomorrowdts,20,27
1825,vvudjqimcampbellohrdoiplksuvnj,9,16
1826,zgentlemanzjtfolkqnchtbvzpmiig,2,10
1827,xsqdpahjzowlecveccolonelskkmxf,18,24
1828,vestampesfydjtmhnvrmewohtcqxel,2,9
1829,bbyvlvnlipydyexsmxlqcxheaduesz,23,26
1830,sqbksvcyhnkczsslyklhzstaffigpw,22,26
1831,yerxhbcswsgvqgrjjczvgelmajoroe,24,28
1832,veuhpsywmwfrqxmuttonigwxdgjclq,15,20
1833,ubtozunrddsdptljrbhhaveyxqjtoz,20,23
1834,mjobkcontrolkhqpusqevxiybpanox,6,12
1835,uxpwyowmattersmnrulshbbqodjcto,8,14
1836,vdqfconnectedbmsggeicyxqjzayoh,5,13
1837,jartillerysyompbkgpujfnbuxmqcs,2,10
1838,ddhdmessieurskngtfwupdjezroohk,5,13
1839,dwuaaluahxatjqibdemanxmruyviey,17,18
1840,zrazykmedhptuajhquibiiqlisleuh,24,28
1841,uskeirzcqancqemilegydzttslizcp,14,18
1842,mnpdvmutgvazettzrgooqcnqlcjdeb,28,29
1843,mkdwurchavignyyruulmechfyfkirm,7,14
1844,vatiwmscaadwpkpbztvtifwaidespj,24,28
1845,vqbpyftxkfesdethmpgufgfvowdbot,13,14
1846,kmdpvdcampjcowjekidvsqysbrualz,7,10
1847,rgentlemenbapnhskftzrvxyegdkiu,2,10
1848,numxnauaaalmountwjksuhmoiifutg,12,16
1849,anqxoeczxvhcpgyxbbnastvoaxetdp,19,21
1850,irscottishybnfgztwikgpbvjdqsmj,3,10
1851,yognsqznxbagregimentpzcfsbyxkc,13,20
1852,uztgzjvwizzomfzimountedgvxqqrd,17,23
1853,mppwmhazmhorrppwkfhectorcqwwys,19,24
1854,bmjshmbtzosvbrlpqouhadiqxafule,20,22
1855,zwnjivwhadckxoajmbanzwyhuezuls,8,10
1856,cafbfoflihhyoioacttxjwlamplero,24,28
1857,wgyuuywnvfstopportunitiesfnahq,13,25
1858,vllearndxtchagekrarjckevymbpun,3,7
1859,anehlpjlpqkuzfjxuakrideungcwap,20,23
1860,mvjpolailsfchonaffellargxiniku,18,21
1861,tlmrojnbvxxrhnnyqwppbkaidesntv,23,27
1862,ntszejdefatmuqncebziocviomfwle,7,8
1863,nfgisklncampdnpkqxgxpzmuadvhet,9,12
1864,iqyykyoungameiuibgjvzzcnurhrnf,6,10
1865,izytomlnulqmenrkzdjqtiwhmkeutq,12,14
1866,kgmgsndmeighteennvpdmmztorgrck,9,16
1867,xzbozjnnineteenceixlpxzhcowgip,8,15
1868,rfyearsminyvwrqczipsgkfjzugxdr,3,7
1869,wdnowthaegsygagewozhpredtvyrmw,14,16
1870,uqxqecuamembersuaqhtlmgrfwgnye,9,15
1871,snynfjugoodjxyjiihnmqouwqagptv,8,11
1872,orxbjklvvnavbbhxfamiliesedgjjt,17,24
1873,ngwintgkciofollowedqqcxfveudeb,12,19
1874,ulcuelwaviscountjcdfbrqtwayjoq,9,16
1875,pwzvofxturennenpouqshkiwrlatos,8,14
1876,jyjorodexbidtevyenwtuslcdiqvhp,5,8
1877,nbhaaheadeaywbnmzhuuhtfigjsvcy,5,9
1878,smxvstaffobntwivncgylrjokadfeh,5,9
1879,lhrtwwxkuuqzuvxbeofficerskfdxv,18,25
1880,jntanhezzoqmakingpfbtagjlnjzcq,12,17
1881,cbvkztefqsfqgrscmtinarrowalkrj,20,25
1882,tfjfahdwzpngpjkhwoiofzstreetsp,23,29
1883,fddmmtmparispojqkjqmnxeulgtlcv,8,12
1884,gkavfnmdlnjytbdrodejrwfczvqkgq,16,19
1885,tmxdndnxksuwixxfnwzpslowlyirxl,21,26
1886,xaqgpassedwoxfmknwvstjrivabhfp,5,10
1887,hnetecgatesjatkvzfoiurewwpxlxg,7,11
1888,woydiudxbrisksukilgzmrpxaftpqy,9,13
1889,alvhzxsoylrtkvpacenjdizgxofyeu,15,18
1890,fzfigbhffcgduccffortunatepeavd,17,25
1891,oxqdpplwjbtrdewdqibsgefvtzrzba,13,14
1892,uhvbtqmwpyglisleiehmreblarbkkn,12,16
1893,kgdljyghavingyfebtspnwzopxkacy,8,13
1894,acolevfbneeobtainedqimbyinupvo,12,19
1895,oqccommissiongwiajmogqkxfznlhv,4,13
1896,pdiqfnmqoszldxbqhyoungkhjrhcdv,18,22
1897,bjvosimilarnsidvajcywwrkcdnayx,5,11
1898,otoexqxuxwyhvuvagezjzagnxeihdf,16,18
1899,qygfarmyjheyqepfsljcuihkovfbio,5,8
1900,ikynrfortunatempezxcakohwdcfda,6,14
1901,fivuvhohrvexphectoryqmvwcicrvu,14,19
1902,hdaqpayrvstlaqrepliedrwlbtmiog,15,21
1903,svafortunatebjfwgijqclvcakhuqs,4,12
1904,xomldcloayhavejtzhsgcynleiaodp,11,14
1905,nvdjibelievedqmcxktbfivgnbndam,6,13
1906,zfmlxopnkaoorfopgoodnesslisvlu,17,24
1907,mlmmfvtjktllbsaxyytviscountdlr,20,27
1908,proybtjmkcnrwsmutkmturennezxrs,20,26
1909,vnrutuytjxcfkfaoentereplhkwsrr,17,21
1910,bulianfjhbyfgqllobblrjxbwarmyj,26,29
1911,fschopatronagegpqiqeonhwbemwys,6,14
1912,forlmsxccqniksrfdenzfeufyzstwm,17,18
1913,trqceqjdqdqtlchavignyqddvkxuab,14,21
1914,njulcvdvbddyvfjrffnvrbqhavenfz,24,27
1915,ubewtedvaglarzservedwlxcqgppsq,15,20
1916,dsrqoouexwzvjrhogyearsseojqgww,18,22
1917,oefeykgrhinerizksgsnjwonlkhapl,8,12
1918,sycgmpckogbvqnvnirhadiziefwhdp,19,21
1919,ftagebahaftpzojlocqkqjbeenzuaw,23,26
1920,wzrbrothersnaifyaodrrgqbcjxonw,4,11
1921,uxkibpzvslhavedwihgzpbrxudfvew,11,14
1922,nvfswkzxcddzdbohumdzrsqgsbeenk,26,29
1923,liqkfauwnmdvnhgpkqkindzdtvwbns,19,22
1924,tbrpljigpgnajkxwtworkwzwsxntyz,18,21
1925,bsapvlssrmtmauriizogcarsaxvodl,12,13
1926,rdpiposhlzqxnlpikbotfabfoipejx,24,26
1927,eebtbnyeiiitmfgjlfdtremendousu,20,29
1928,vfysoldiersepxilwayqzcynrbuftw,4,11
1929,qdospyswesxpxogeneraltrlbfogax,15,21
1930,nrzckdsleeplessssynunfhhbtgifm,7,15
1931,yjsjqwueardkdoeekfeuzchappilyu,23,29
1932,gnmzpzjphveqphkfyqrgwrexpectof,23,28
1933,wcznogilzlkpnbqfrikigokahrtdre,21,22
1934,ualtogetherfmfdzgujhpacwteyiwi,2,11
1935,rzrestnzlzihigcxctqukaaweomfsf,3,6
1936,hvnadsztzxysfrequentlyodkxyevo,13,22
1937,vannightharnmgzroqcobeslvjntwy,4,8
1938,xglsasaddlemxxegkswlzvalhuntdp,6,11
1939,zimoutjbvjvmgoxgsprarhtakeszko,23,27
1940,mdfewzlvnssunfxtlnrqszratefoqy,23,26
1941,pmayxtlzwelejiwuywmftuwgetnnbm,24,26
1942,yonightykxowzgzmeavljuhhqrlrco,3,7
1943,rcrilfahusleeptlmecxtaxkzgnsce,10,14
1944,ytwqqqtcgcturrinedqjszaturnsde,24,28
1945,uhasjybeeuzusmdkpftlzxdrhgcmyi,2,4
1946,gtfhworryygxftzulfnrkdwzsnrwcu,5,9
1947,dklhouwsmlexvlvgjnignorancefvq,19,27
1948,qvnaemdyldycarelessnessqsoaiyg,12,23
1949,ljrruzhesyidnzxjhavepqgbjldaap,17,20
1950,pkoyklcttegbxopxvqydseenwdsgcp,21,24
1951,rcqsaaorqjmofwvgtemperxrhbezuq,17,22
1952,pnpvrylreproofjnmviwclousokyje,8,14
1953,vdiwgzdgawdmildlyonsiphgklhjry,12,17
1954,uglfgdspokenhyifjbixkcjrwwomqo,7,12
1955,djmjdreadedcbtqvfrjjglfhkvrbox,5,11
1956,bgirxleqghvolleyhfnaovglbirexj,11,16
1957,qbwpnkixkzwgukounabusembpaaspj,18,22
1958,hoeomzfcjkwpbgeneraleycovlrpxm,14,20
1959,cjsfhklhdemhatellingrfhyhkmdbk,14,20
1960,fwklslswdrillexauvjyrmknifocgs,9,13
1961,kmhgearmsznvlqdynlbrjxpemsspob,6,9
1962,zqhavepasnlrsnlcffhyvyxmwuohii,3,6
1963,mpplfnyuwiaprequbeeniipqvulgrj,17,20
1964,tsljdvohybroughtecuqgfrbukdyte,10,16
1965,khaofscottishbvlbfehzueyxqhdki,6,13
1966,nycvhcfippngfregimentwcshmrjde,14,21
1967,oxcoptbhgxexjdedyaiwrwxfathern,24,29
1968,fqzdeathckiekylsmisrmfoyxdvrna,4,8
1969,zogifirfojplfkpzcuasjofficersx,22,29
1970,omufsgtpjzrqjbaicuihlsaufmenyb,26,28
1971,lseuttbbkindtjyadlnagzhfxxqgvo,9,12
1972,ggvlzxvohuhqalearnttrhgxqxfvre,14,19
1973,zodrilltpehkvrvtydsbfbmmjlpnfy,3,7
1974,ilzxtczhpsoldierstybhzuopvkknp,10,16
1975,jambyujisufjdygxofficerjgzxsfy,17,23
1976,dmxadqifencegqwxsqmafdvfowityn,8,12
1977,dhpistolsqsmavcdwbjrmtqpvgiokf,3,9
1978,djlganrideubwarlvtxhsxerugzoja,7,10
1979,xwxofficerscpuqhzxlogqzffvnhbt,4,11
1980,alahpozelrsysmfwslentxjpovhftu,18,21
1981,lleudbeyialnviefliebookskixsmz,20,24
1982,yotiekmsmcvzremilitarynvgcgamj,15,22
1983,kebtkfvupagwmuyenlhistoryqrlmo,19,25
1984,ugbsrhhpgrjflclhbqfwtntacticsh,23,29
1985,zkrvcyekmofmeawgknfgfviscounty,22,29
1986,frwonderfullytropzcyvzmpqdjfik,3,13
1987,vjreadpotozsxgcmiuqddqlbgxkekw,3,6
1988,fmattersdixbjrpyfszkainzguphqg,2,8
1989,csoxelnwhuucgdyzeadeklfmkiqpos,19,20
1990,flisledqstggraswtlwlrxkhvmynpz,2,6
1991,ousmszpkkhcampaignskogvvghzafu,11,19
1992,bfzvymhavehceuluwbziqtdfkyroda,7,10
1993,htpoxlwbparttkblbddiajhofevmmy,9,12
1994,nfmyfxyojhavehcgzsovfoiwluqcte,10,13
1995,yjhbvaguerliaigbvsmzndvqktctwa,5,9
1996,zpxdswpjecideausbfwmtlcaavuchl,11,14
1997,gokoxocvrthingsrdangivnzwkxjyg,10,15
1998,wzmpjqpesrxtpxtunndnstimeafoer,22,25
1999,cluqhzimuihqptjdajoinedxrfmbmj,18,23
2000,pzjnsmvbyclearninggdnqohxlbdzc,11,18
2001,ijrhnhhcrarmsxpqvrcaedvjmsmljz,10,13
2002,zvalesodwggequitationtnxkquapf,12,21
2003,ofokkedmmkzaudrymhrefzhagyudpo,14,16
2004,whdrvmstudieswfsjtsxlrntfjabix,7,13
2005,fjpzppnkbqdkkagffullsyabbealtv,23,26
2006,wmjplatinwuptmbjovukcdrfiyzxae,5,9
2007,ihadvwdzulcpfaxaijswboslyedhqt,2,4
2008,hqnicihqtaylearnedzuomqnlbycag,12,18
2009,amilitarykzntcjtyljhfuhdogvnqb,2,9
2010,lzltrhistorypxcjxvkitfrhqmzaoa,6,12
2011,wskbvzjnoxjofvomatmypzbseemsem,24,28
2012,jusgintendedqjxzwzrsudconhkrtn,5,12
2013,xhzarmytveomnhipncsiarxskjzvbq,4,7
2014,mgoododghqribupluncyoljnjgaktr,2,5
2015,thqfajacfiqcvijaazvdealdgdfqso,20,23
2016,ztokygvzdaimportantgbcgadpmaxi,11,19
2017,pzncapbsivoqndduwyglatinydjony,20,24
2018,rrxdssbzkrkzqmsbtheologylbzqtp,17,24
2019,qxzplkxbnbupuixizvqfancynlhafm,20,24
2020,gwazkujlarzriopsyqhxhjxgydeets,26,27
2021,kwzoslislegudmeoykdctfhpwvyxlq,6,10
2022,nycompanionpbjouhifzxdfinxrcsq,3,11
2023,oansyueenokmtlaughingmfqgumlwn,14,21
2024,zykkaknowyjriinlmrpwuksfvhakst,6,9
2025,kmgwlobjectioniuvitmfjsqrxbonx,6,14
2026,vbopnqtltncourseldeaqopcyrxbnt,11,16
2027,xrystudyelixdwbjpdgkgzxtiarsty,4,8
2028,zancejjrlpdystudycxscprahynelb,13,17
2029,ctxajcpvfthobaltogetheruwxyiph,14,23
2030,vyzpftuzcknowdzrijfoscfbtpkqyu,10,13
2031,yotlotgeiszduonphycasedvmlkcrh,19,22
2032,ilozdoipiubrneitdxhhavetnarcxw,20,23
2033,vjcwqmsxbeenqpchzrilmblaniuqoy,9,12
2034,qgtfvlxvxksckdvwhippedsgrhsaaq,16,22
2035,mpjtswldzckorjbyqbflearninggwe,20,27
2036,mnseerisxcspopvhbvarqzxfgmfdyn,3,5
2037,yufqtpzupvsbbornznckkbnyoxiode,13,16
2038,vprthvlieutenantjxyzgwlbxkbpes,7,16
2039,ocbornlodnqkbuhuplxtyfciogiadp,3,6
2040,palbcnfiscotlanddhalsuivratgqi,9,16
2041,yfvpfbpdwuammdufatherpchxyazsg,16,21
2042,sgyoungerikuvmwkylogxzsrxnlfqn,3,9
2043,rqstnsywrkpfpvisonoxqzjxghecif,16,18
2044,uaptpeeftjazpeuyzmyqbochanceqj,23,28
2045,tawirkwomakingxdtgscxhmnaztrvf,9,14
2046,nsbclxfmhijbswordylejwbuqqnfyr,13,17
2047,iabfkbrfhgyqngbdprshomeivhmlwk,20,23
2048,ulpelcbnqhuvbjamesfgklyqcudxgr,14,18
2049,zgxvrgogtbtimzycmkrspfxaenpcqh,6,7
2050,rmumwaruwplkjitsgojbbwdshofqnd,5,7
2051,fnnuzejlregulariyxlzgcqnpsmjtu,9,15
2052,jarmybrrbnpzdjdaozfcqoitlycmqw,2,5
2053,vymcvvczgezhwpuyyseemedyaytrcl,18,23
2054,quvmsfnhtxgokdhbhgropeninglpiu,20,26
2055,rswgqdkgpennilesseljfrhfpwzmcp,9,17
2056,tfljgxciiyraqcadetbxgwevgkdazy,14,18
2057,tlenglandguikzbeljzgqaclydmsiw,3,9
2058,temtmidiscotlandkmacfsutlqtxxw,9,16
2059,hkearhhwobtainedccvjuhxtullnmp,9,16
2060,jkziohwcommissionmrislnxjiztqo,8,17
2061,htybfzepmotheradlspjxftschfozu,9,14
2062,gwhsydklmaojqtdiedbnxryhtsfuol,15,18
2063,hblbismfpvfkwcdbyelqyearsgzeqv,21,25
2064,asfjkmoipekepteqokbwijiwgrassz,11,14
2065,kmaqmnnserviceshfagyyntqxukmge,8,14
2066,waqhfxenyaphxfjekpynnavopleftn,26,29
2067,aprrlgwgoujlhwoxlwfowchargeych,22,27
2068,kzywjmubvhuguenotyufqskgtjatez,10,17
2069,anoytkkebbcoqifyfamilyyzbnqgew,17,22
2070,chkhhavejzlivgvmwykzxeonbfiesx,5,8
2071,vwvskpqfiaskdjmhygxgrownuxagva,20,24
2072,qlzqwkftxunablepbowchznlxrurlw,10,15
2073,oaadivljkereadeebtfoabypnxgzgl,11,14
2074,cyoavyodloodeuipwcbwriteikzjpx,20,24
2075,iuirsxopjkfeeueuzcuuvjxtimeyud,24,27
2076,lrodebpjngxaihesjglyvzrthksqdc,2,5
2077,ntjuigdahvogpqslexwwjafvnlasuu,26,27
2078,vzyaomhsjrochellefcjpxegyhadwk,10,17
2079,ncwgrdpdeathudxjpikwavgctlzkyh,8,12
2080,iprhrgkcvvmeuxaciiiadoptedjyli,20,26
2081,tiqfrgmchzhregimentvpzvuriyowm,12,19
2082,iqqgkptlxypyudrnojamtgoodedquf,22,25
2083,grbemebpfsnnpeoplefvugcitdkiql,13,18
2084,nrimacgbwxduleftynrkdzqndykatv,13,16
2085,mocaonwprrdijsignlmparisgiobhb,20,24
2086,lrulyfpwwlstjoinfiupuzakdbrmqj,13,16
2087,sofxfriendskwzyhepvqzuqdflbbfx,5,11
2088,wsybyvmsouthcqsetruvmincfddzek,8,12
2089,uwfsdsipymhadejxgezucpyjdqistb,11,13
2090,sbwsgvsjxubeenbfohjuslgcpnqaev,11,14
2091,qtducjwokewnzzvclduxwwphavewit,24,27
2092,sstayedvrfskqpzmabsdzpherlhjoq,2,7
2093,obsbgooddtjmcxdvwksnurhgqsuyga,5,8
2094,hjzvykvwfyjqocqnbadiovmanhmauj,23,25
2095,pccyuuhavesnezuohjctapxkblivwk,7,10
2096,adbroughthgazqhbszrfkydwclkvnp,3,9
2097,yyblfabkomupministeraxulmcwbhv,13,20
2098,dwodafraidenwkkxmscvrhypcaobtj,5,10
2099,hymdemzgiyhaveowoiwsjpqzrfuaga,11,14
2100,ldalrufvlhaezzesdbxeogmadeethf,23,26
2101,rvzymhwhojkwfnlbnlntapoorxxnbh,22,25
2102,ipmkubdlhwnthepzerbfgpfordlaoq,11,14
2103,tdlfhhltpatyrqwyryoungirrniluj,18,22
2104,qnpagiycfcmcenfzzfaiqvnkmemend,27,29
2105,wnossinciggfzlaughednhcluezwbs,14,20
2106,zqqlawycbrxpresenttecnmrocsrkl,12,18
2107,bwazxnydcciftrlhyusktudetdijxe,23,24
2108,tymgxhgdvnqtkxsqeoblisleqwyrtv,20,24
2109,ptjdrmreligionsifchendazwrqisu,7,15
2110,sttngzrjbeomqjaihopgetztcnufgn,20,22
2111,vudsquietlysejlifugvskncfdaroz,5,11
2112,hftyzffgnxxqpvnkcardinalfbcnbc,17,24
2113,qihgchurchmancrwlqaenmuxnxhbzg,5,13
2114,oemekxeafwknowsjpegovqabfkwuby,11,15
2115,talcxsighcrrbibvofrancewfpkkdv,18,23
2116,qomrzttjlsnqpmcptjadmmqqgreatr,25,29
2117,gaqyreligiousdabrmvxxttquwecyn,5,13
2118,ttwpzgucsclenunvzkenmitiesmqug,19,26
2119,tmwvqlxqxcvublsihwuldceaselbgk,22,26
2120,ehndquawarskneiztahodusjqpdxbr,8,11
2121,wkyfmkkwuvvtyixnviemrbiwreigny,25,29
2122,ncfcbgewcdpcostpjhtifnuqotsllc,12,15
2123,ftensofwhozfabcgsaejtvpdkuwbqd,2,5
2124,ezothousandskbejsbtpsdqwkfcwax,4,12
2125,wvicblibpcgvnxwwpxjzlivesljgfr,21,25
2126,pjgtqboecgxwgbcgbwicdroverzxfz,21,25
2127,fqwezqwkgreatetcxaksblhaojevnb,9,13
2128,jnumberskonjeldwxujttnigzayhyd,2,8
2129,demenumgrjlakzssvxcqdygbfrxltb,3,5
2130,oiozzhpadwrefugebsaphykcvimoru,11,16
2131,exdljnnqlhghollandipjterdxcsyu,12,18
2132,nfehkfgjwmrllerefzicsenglandji,22,28
2133,gpqqzqsrblvikbenefitnuoyhbornc,14,20
2134,ywacountriesuxgqahzvyrbcopimsn,4,12
2135,wvylosshgprjlneyrspsuobtmlqkwf,4,7
2136,fvwmmjoczxhciuqyqpgtsuccessoru,21,29
2137,ecicwgiocrptpztpeewjbnpartyacb,23,27
